kata,kata_baku,sumber
aaah,ah,acronym_words_typos
aamiin,amin,acronym_words_typos
abis,habis,tambahan
adaaaaw,ada,acronym_words_typos
adegam,adegan,acronym_words_typos
adlh,adalah,acronym_words_typos
ahahah,haha,acronym_words_typos
ahahaha,haha,acronym_words_typos
ahh,ah,acronym_words_typos
aj,saja,tambahan
aja,saja,tambahan
ajaa,saja,acronym_words_typos
ajaaah,saja,perbaikan
ajah,saja,tambahan
ajala,ajalah,acronym_words_typos
aje,saja,acronym_words_typos
ajee,saja,acronym_words_typos
ajja,saja,acronym_words_typos
akhhh,ah,acronym_words_typos
alayyyy,alay,acronym_words_typos
ama,sama,tambahan
amad,amat,acronym_words_typos
amatt,amat,acronym_words_typos
ampai,sampai,acronym_words_typos
ampe,sampai,acronym_words_typos
amrik,amerika,acronym_words_typos
anakny,anaknya,acronym_words_typos
ancur,hancur,tambahan
ane,saya,tambahan
anehhh,aneh,acronym_words_typos
ank,anak,acronym_words_typos
ap,apa,acronym_words_typos
apaaaa,apa,acronym_words_typos
apaam,apaan,acronym_words_typos
ape,apa,acronym_words_typos
aplg,apalagi,acronym_words_typos
aplgi,apalagi,acronym_words_typos
aplod,upload,acronym_words_typos
asbun,asal bunyi,acronym_words_typos
asiik,asik,acronym_words_typos
asikkk,asik,acronym_words_typos
assekk,asik,acronym_words_typos
astagaaaa,astaga,acronym_words_typos
ataugak,atau tidak,acronym_words_typos
atle,atlet,acronym_words_typos
atlit,atlet,tambahan
ato,atau,acronym_words_typos
aza,saja,tambahan
azaaa,saja,acronym_words_typos
azza,saja,acronym_words_typos
bacooooot,bacot,acronym_words_typos
bagaiman,bagaimana,acronym_words_typos
bagamana,bagaimana,acronym_words_typos
bagemana,bagaimana,acronym_words_typos
bambank,bambang,acronym_words_typos
bambankkkk,bambang,acronym_words_typos
bangeett,banget,acronym_words_typos
bangsad,bangsat,acronym_words_typos
bbelum,belum,acronym_words_typos
bbrp,beberapa,acronym_words_typos
bdg,bandung,kumpulan_singkatan
becusss,becus,acronym_words_typos
begoknya,begonya,acronym_words_typos
begooooooo,bego,acronym_words_typos
behhh,beh,acronym_words_typos
belom,belum,tambahan
bener,benar,tambahan
berenxana,berencana,acronym_words_typos
bgini,begini,acronym_words_typos
bgitu,begitu,acronym_words_typos
bgm,bagaimana,acronym_words_typos
bgmana,bagaimana,acronym_words_typos
bgmn,bagaimana,acronym_words_typos
bgni,begini,acronym_words_typos
bgt,banget,acronym_words_typos
bgtu,begitu,acronym_words_typos
bhkan,bahkan,acronym_words_typos
bhw,bahwa,acronym_words_typos
biaskop,bioskop,acronym_words_typos
bkan,bukan,acronym_words_typos
bkl,bakal,acronym_words_typos
bkn,bukan,acronym_words_typos
blajar,belajar,acronym_words_typos
blg,bilang,acronym_words_typos
bljr,belajar,kumpulan_singkatan
blm,belum,acronym_words_typos
bln,bulan,acronym_words_typos
blunderrrr,blunder,acronym_words_typos
bner,benar,tambahan
bnerr,benar,acronym_words_typos
bngt,banget,acronym_words_typos
bnr,benar,acronym_words_typos
bnyak,banyak,acronym_words_typos
bnyk,banyak,acronym_words_typos
bocorrrrrrr,bocor,acronym_words_typos
boong,bohong,acronym_words_typos
boss,bos,acronym_words_typos
bosss,bos,acronym_words_typos
bossssss,bos,acronym_words_typos
bpk,bapak,acronym_words_typos
br,baru,acronym_words_typos
brani,berani,acronym_words_typos
brarti,berarti,acronym_words_typos
breeyyyy,brey,acronym_words_typos
brg,barang,acronym_words_typos
brgkt,berangkat,acronym_words_typos
brp,berapa,acronym_words_typos
bru,baru,acronym_words_typos
bs,bisa,kumpulan_singkatan
bsnya,bisanya,acronym_words_typos
bsr,besar,acronym_words_typos
btl,betul,acronym_words_typos
buaanyaaak,banyak,acronym_words_typos
buad,buat,acronym_words_typos
bubarin,bubarkan,tambahan
bukanny,bukannya,acronym_words_typos
bulutqngkis,bulutangkis,acronym_words_typos
buueesssaaar,besar,acronym_words_typos
bwaa,bawa,acronym_words_typos
bwt,buat,acronym_words_typos
byar,bayar,acronym_words_typos
byeeeee,bye,acronym_words_typos
byk,banyak,acronym_words_typos
byr,bayar,acronym_words_typos
cape,capek,acronym_words_typos
cb,coba,acronym_words_typos
cbang,cabang,acronym_words_typos
cdjarum,djarum,acronym_words_typos
cem,kayak,acronym_words_typos
civitaa,civitas,acronym_words_typos
ciyeee,cie,acronym_words_typos
ckckck,ckck,acronym_words_typos
ckckckck,ckck,acronym_words_typos
ckckckckck,ckck,acronym_words_typos
ckckckckckc,ckck,acronym_words_typos
cm,cuma,perbaikan
cma,cuma,acronym_words_typos
cmn,cuma,acronym_words_typos
crakyat,rakyat,acronym_words_typos
crt,cerita,kumpulan_singkatan
cuman,cuma,tambahan
cuntellll,cuntel,acronym_words_typos
cwenya,cewenya,acronym_words_typos
d,di,acronym_words_typos
da,ada,acronym_words_typos
daon,daun,acronym_words_typos
dapet,dapat,tambahan
denger,dengar,tambahan
dg,dengan,acronym_words_typos
dgn,dengan,acronym_words_typos
dhe,deh,acronym_words_typos
dibikinya,dibikinnya,acronym_words_typos
dibubarin,dibubarkan,tambahan
didlm,didalam,acronym_words_typos
diem,diam,tambahan
difimfin,dipimpin,perbaikan
dii,di,acronym_words_typos
dijakarta,di jakarta,acronym_words_typos
dijln,dijalan,acronym_words_typos
dimn,dimana,acronym_words_typos
disuru,disuruh,acronym_words_typos
djarumny,djarumnya,perbaikan
dl,dulu,acronym_words_typos
dlam,dalam,acronym_words_typos
dlm,dalam,acronym_words_typos
dlu,dulu,tambahan
dmana,dimana,acronym_words_typos
dmn,dimana,acronym_words_typos
dmna,dimana,acronym_words_typos
dn,dan,acronym_words_typos
dng,dengan,acronym_words_typos
dngn,dengan,acronym_words_typos
doangg,doang,acronym_words_typos
dodooolll,dodol,acronym_words_typos
donggg,dong,acronym_words_typos
donk,dong,tambahan
donkk,dong,acronym_words_typos
donlot,download,acronym_words_typos
dossssss,dos,acronym_words_typos
dpan,depan,acronym_words_typos
dpn,depan,kumpulan_singkatan
dpt,dapat,kumpulan_singkatan
dr,dari,acronym_words_typos
dri,dari,tambahan
dripda,daripada,perbaikan
drjarum,djarum,acronym_words_typos
drmna,darimana,acronym_words_typos
drpd,daripada,acronym_words_typos
drpda,daripada,acronym_words_typos
dsb,dan sebagainya,acronym_words_typos
dsini,disini,acronym_words_typos
dst,dan seterusnya,perbaikan
dtk,detik,acronym_words_typos
dunk,dong,acronym_words_typos
duwit,duit,acronym_words_typos
dyaaaarrrrrrrrr,duar,acronym_words_typos
eeeeeehhhhh,eh,acronym_words_typos
eeehhh,eh,acronym_words_typos
eeh,eh,acronym_words_typos
ehh,eh,acronym_words_typos
ekploitasi,eksploitasi,tambahan
ekting,akting,acronym_words_typos
elu,kamu,tambahan
emang,memang,tambahan
emangnya,memangnya,tambahan
emank,memang,acronym_words_typos
emg,memang,tambahan
emgnya,memangnya,acronym_words_typos
engga,tidak,tambahan
enggak,tidak,tambahan
ente,kamu,acronym_words_typos
exploitasi,eksploitasi,tambahan
fikir,pikir,acronym_words_typos
g,tidak,kumpulan_singkatan
ga,tidak,tambahan
gad,tidak ada,acronym_words_typos
gak,tidak,tambahan
gank,gang,acronym_words_typos
gegara,gara-gara,perbaikan
gerammmm,geram,acronym_words_typos
gimana,bagaimana,tambahan
gimna,bagaimana,acronym_words_typos
gini,begini,tambahan
gitu,begitu,tambahan
gjelas,tidak jelas,perbaikan
gk,tidak,kumpulan_singkatan
gmana,bagaimana,acronym_words_typos
gmn,bagaimana,perbaikan
goblook,goblok,acronym_words_typos
goooooaaaal,goal,acronym_words_typos
govlok,goblok,acronym_words_typos
gpp,tidak apa-apa,perbaikan
gt,begitu,acronym_words_typos
gtu,begitu,tambahan
gua,saya,tambahan
gublok,goblok,acronym_words_typos
gublokk,goblok,acronym_words_typos
gue,saya,tambahan
guobluook,goblok,acronym_words_typos
guwe,saya,acronym_words_typos
gw,saya,kumpulan_singkatan
haaaancuuuuur,hancur,acronym_words_typos
haalllloooo,halo,acronym_words_typos
haddaaahhh,hadah,acronym_words_typos
hadeehh,hadeh,acronym_words_typos
hadehh,hadeh,acronym_words_typos
hadehhh,hadeh,acronym_words_typos
hadiiiirr,hadir,acronym_words_typos
hahaha,haha,acronym_words_typos
hahahaaha,haha,acronym_words_typos
hahahah,haha,acronym_words_typos
hahahahaa,haha,acronym_words_typos
hahahahaahha,haha,acronym_words_typos
hahahahaha,haha,acronym_words_typos
hahahahahah,haha,acronym_words_typos
hahahahahahahahahaha,haha,acronym_words_typos
hahahahhahahahahaha,haha,acronym_words_typos
halaaah,halah,acronym_words_typos
harua,harus,acronym_words_typos
hayoo,hayo,acronym_words_typos
hbs,habis,acronym_words_typos
hbskan,habiskan,acronym_words_typos
hehehe,hehe,acronym_words_typos
hhh,haha,acronym_words_typos
hhhhmmmm,hmm,acronym_words_typos
hhhmmm,hmm,acronym_words_typos
hhhmmmmm,hmm,acronym_words_typos
hmmm,hmm,acronym_words_typos
hmmmmmm,hmm,acronym_words_typos
hny,hanya,acronym_words_typos
horeee,hore,acronym_words_typos
hqq,hakiki,acronym_words_typos
hr,hari,kumpulan_singkatan
hrg,harga,acronym_words_typos
hrs,harus,acronym_words_typos
hrsnya,harusnya,acronym_words_typos
hrus,harus,acronym_words_typos
hsl,hasil,acronym_words_typos
huahahah,haha,acronym_words_typos
huahahahahaa,haha,acronym_words_typos
huahahahahaaaaa,haha,acronym_words_typos
huahahahahaha,haha,acronym_words_typos
huahuahaaaaaa,haha,acronym_words_typos
huss,hus,acronym_words_typos
idihh,idih,acronym_words_typos
ig,instagram,acronym_words_typos
ijin,izin,tambahan
ina,indonesia,acronym_words_typos
indinesia,indonesia,acronym_words_typos
indosata,indosat,acronym_words_typos
inget,ingat,tambahan
inii,ini,acronym_words_typos
iniii,ini,acronym_words_typos
iyaaa,iya,acronym_words_typos
iyyaahh,iya,acronym_words_typos
ja,saja,acronym_words_typos
jafi,jadi,acronym_words_typos
jangkrikkkkkk,jangkrik,acronym_words_typos
jarun,djarum,acronym_words_typos
jateng,jawa tengah,acronym_words_typos
jauhh,jauh,acronym_words_typos
jawabb,jawab,acronym_words_typos
jd,jadi,kumpulan_singkatan
jdarum,djarum,acronym_words_typos
jdilah,jadilah,acronym_words_typos
jdjarum,djarum,acronym_words_typos
jelasssss,jelas,acronym_words_typos
jg,juga,kumpulan_singkatan
jgan,jangan,acronym_words_typos
jgk,juga,acronym_words_typos
jgn,jangan,kumpulan_singkatan
jiaaah,jiah,acronym_words_typos
jk,jika,acronym_words_typos
jkrta,jakarta,acronym_words_typos
jkt,jakarta,acronym_words_typos
jktku,jakartaku,acronym_words_typos
jkw,jokowi,acronym_words_typos
jl,jalan,acronym_words_typos
jlebbb,jleb,acronym_words_typos
jln,jalan,acronym_words_typos
jls,jelas,acronym_words_typos
jng,jangan,acronym_words_typos
jngn,jangan,kumpulan_singkatan
jt,juta,acronym_words_typos
juancoxxx,jancuk,acronym_words_typos
jyg,yang,perbaikan
kaga,tidak,tambahan
kagak,tidak,tambahan
kale,kali,acronym_words_typos
kalee,kali,acronym_words_typos
kaleeee,kali,acronym_words_typos
kaliiiii,kali,acronym_words_typos
kalo,kalau,tambahan
kamiiiiiiiing,kambing,acronym_words_typos
kamoooh,kamu,acronym_words_typos
kapir,kafir,acronym_words_typos
kapling,kavling,acronym_words_typos
karenaa,karena,acronym_words_typos
karna,karena,acronym_words_typos
karton,kartun,acronym_words_typos
kasian,kasihan,tambahan
kasusu,kasus,acronym_words_typos
kawab,jawab,acronym_words_typos
kayanya,kayaknya,tambahan
kbr,kabar,acronym_words_typos
kcuali,kecuali,acronym_words_typos
kdg,kadang,acronym_words_typos
keapda,kepada,acronym_words_typos
kegiaan,kegiatan,acronym_words_typos
kegiatn,kegiatan,acronym_words_typos
keliatan,kelihatan,tambahan
kemaren,kemarin,tambahan
kembsli,kembali,acronym_words_typos
kemen,kementerian,perbaikan
kemeren,kemarin,acronym_words_typos
kemrn,kemarin,acronym_words_typos
keraa,keras,acronym_words_typos
kerjany,kerjanya,acronym_words_typos
kga,tidak,acronym_words_typos
kgiatan,kegiatan,acronym_words_typos
kgk,tidak,acronym_words_typos
khan,kan,tambahan
kikikikikik,kikik,acronym_words_typos
kl,kalau,perbaikan
klau,kalau,acronym_words_typos
klo,kalau,tambahan
klu,kalau,acronym_words_typos
kmaren,kemarin,acronym_words_typos
kmn,kemana,acronym_words_typos
kmna,kemana,acronym_words_typos
kn,kan,acronym_words_typos
knp,kenapa,kumpulan_singkatan
knpa,kenapa,acronym_words_typos
koe,kamu,acronym_words_typos
komen,komentar,tambahan
konsekwensi,konsekuensi,acronym_words_typos
koq,kok,tambahan
kozonk,kosong,acronym_words_typos
kpaiiiii,kpai,acronym_words_typos
kpd,kepada,acronym_words_typos
krena,karena,acronym_words_typos
krlompok,kelompok,acronym_words_typos
krn,karena,perbaikan
krna,karena,acronym_words_typos
ksalahan,kesalahan,acronym_words_typos
ksh,kasih,acronym_words_typos
kuranh,kurang,acronym_words_typos
kutukn,kutukan,acronym_words_typos
ky,kayak,acronym_words_typos
kyak,kayak,acronym_words_typos
kyk,kayak,acronym_words_typos
kyknya,kayaknya,acronym_words_typos
laah,lah,acronym_words_typos
laahh,lah,acronym_words_typos
lach,lah,acronym_words_typos
lagii,lagi,acronym_words_typos
lahh,lah,acronym_words_typos
lassss,las,acronym_words_typos
lbh,lebih,kumpulan_singkatan
lbih,lebih,acronym_words_typos
lemaahhhhhhhhhhh,lemah,acronym_words_typos
lg,lagi,acronym_words_typos
lgs,langsung,acronym_words_typos
lgsg,langsung,acronym_words_typos
lha,lah,acronym_words_typos
lhoo,lho,acronym_words_typos
liat,lihat,tambahan
lm,lama,kumpulan_singkatan
lmayanlah,lumayanlah,acronym_words_typos
lngsung,langsung,acronym_words_typos
lo,kamu,tambahan
loe,kamu,tambahan
lohh,loh,acronym_words_typos
lohhhh,loh,acronym_words_typos
looo,kamu,acronym_words_typos
lsg,langsung,acronym_words_typos
lu,kamu,tambahan
luaarrr,luar,acronym_words_typos
lwt,lewat,acronym_words_typos
macem,macam,tambahan
maen,main,tambahan
mahaaaaaaalll,mahal,acronym_words_typos
maleees,males,acronym_words_typos
mampoooosssss,mampus,acronym_words_typos
mampuss,mampus,acronym_words_typos
mantaaaaaasab,mantap,acronym_words_typos
mantaaapppp,mantap,acronym_words_typos
mantapp,mantap,acronym_words_typos
mantullllllll,mantap,acronym_words_typos
masyarakt,masyarakat,acronym_words_typos
mayoritaz,mayoritas,acronym_words_typos
mbaaak,mba,acronym_words_typos
melalu,melalui,acronym_words_typos
memamg,memang,acronym_words_typos
membleee,memble,acronym_words_typos
mengadaka,mengadakan,acronym_words_typos
mengataka,mengatakan,acronym_words_typos
menghilangakn,menghilangkan,acronym_words_typos
menghsrumkan,mengharumkan,acronym_words_typos
menhindari,menghindari,acronym_words_typos
merk,merek,tambahan
mewikili,mewakili,acronym_words_typos
mgk,mungkin,kumpulan_singkatan
mgkin,mungkin,acronym_words_typos
mgkn,mungkin,acronym_words_typos
mhon,mohon,acronym_words_typos
mikiiirrrr,mikir,acronym_words_typos
mikiiirrrrr,mikir,acronym_words_typos
mikiirrree,mikirnya,acronym_words_typos
mikiirrrr,mikir,acronym_words_typos
mikirrrr,mikir,acronym_words_typos
mjd,menjadi,acronym_words_typos
mkan,makan,acronym_words_typos
mkn,makin,acronym_words_typos
mknya,makanya,acronym_words_typos
mksd,maksud,acronym_words_typos
mksdnye,maksudnya,acronym_words_typos
mksudnya,maksudnya,acronym_words_typos
mlh,malah,perbaikan
mlhn,malahan,acronym_words_typos
mlm,malam,kumpulan_singkatan
mmbunuh,membunuh,acronym_words_typos
mmg,memang,acronym_words_typos
mmng,memang,acronym_words_typos
mn,mana,acronym_words_typos
mndekati,mendekati,acronym_words_typos
mnding,mending,acronym_words_typos
mngkin,mungkin,acronym_words_typos
mngkn,mungkin,kumpulan_singkatan
mnrt,menurut,acronym_words_typos
mo,mau,acronym_words_typos
momentnya,momennya,acronym_words_typos
mon,mohon,acronym_words_typos
mpe,sampai,acronym_words_typos
mrk,mereka,kumpulan_singkatan
mrt,menurut,kumpulan_singkatan
msh,masih,kumpulan_singkatan
msih,masih,acronym_words_typos
mslh,masalah,acronym_words_typos
msuk,masuk,acronym_words_typos
msyrakat,masyarakat,acronym_words_typos
mtr,motor,kumpulan_singkatan
mudab,mudah,acronym_words_typos
muiinnyakkkkk,minyak,acronym_words_typos
mulaaaaaaan,mulan,acronym_words_typos
mulei,mulai,acronym_words_typos
n,dan,kumpulan_singkatan
naek,naik,acronym_words_typos
nahhhh,nah,acronym_words_typos
napa,kenapa,acronym_words_typos
nasibmoe,nasibmu,acronym_words_typos
ndak,tidak,tambahan
nee,nih,acronym_words_typos
negri,negeri,tambahan
nga,tidak,acronym_words_typos
ngak,tidak,acronym_words_typos
ngarti,ngerti,acronym_words_typos
ngedkg,ngedukung,acronym_words_typos
ngemeng,ngomong,acronym_words_typos
ngga,tidak,tambahan
nggaaak,tidak,acronym_words_typos
nggak,tidak,tambahan
nggk,tidak,perbaikan
ngk,tidak,perbaikan
ngoahahaha,haha,acronym_words_typos
ngw,ngewe,kumpulan_singkatan
nh,nih,acronym_words_typos
niih,nih,acronym_words_typos
njirr,anjir,acronym_words_typos
nnt,nanti,acronym_words_typos
nnti,nanti,acronym_words_typos
nntiny,nantinya,acronym_words_typos
nntn,nonton,kumpulan_singkatan
nntonya,nontonnya,acronym_words_typos
nontom,nonton,acronym_words_typos
nt,nanti,acronym_words_typos
ntapssss,mantap,acronym_words_typos
ntr,ntar,acronym_words_typos
ntu,itu,acronym_words_typos
ntuh,itu,acronym_words_typos
ny,nya,acronym_words_typos
olehraga,olahraga,perbaikan
ooh,oh,acronym_words_typos
oooonnn,oon,acronym_words_typos
orba,orde baru,acronym_words_typos
org,orang,tambahan
orgnya,orangnya,acronym_words_typos
orgsme,orgasme,acronym_words_typos
pake,pakai,tambahan
pakr,pakar,acronym_words_typos
palsuuuuuuuu,palsu,acronym_words_typos
pantes,pantas,tambahan
paraah,parah,acronym_words_typos
parahhh,parah,acronym_words_typos
pd,pada,perbaikan
pdhal,padahal,acronym_words_typos
pdhl,padahal,acronym_words_typos
pebruari,februari,acronym_words_typos
peeeeaaaaa,pea,acronym_words_typos
pegimane,bagaimana,perbaikan
pemerkosaa,pemerkosa,acronym_words_typos
pengen,ingin,tambahan
penyusupppp,penyusup,acronym_words_typos
perduli,peduli,acronym_words_typos
permasalhin,permasalahin,acronym_words_typos
pikiiiiiiir,pikir,acronym_words_typos
pilem,film,acronym_words_typos
pinter,pintar,tambahan
pjg,panjang,acronym_words_typos
pke,pakai,acronym_words_typos
pleaseeee,please,acronym_words_typos
plg,paling,acronym_words_typos
pngen,ingin,acronym_words_typos
pngn,ingin,acronym_words_typos
pnting,penting,acronym_words_typos
pnyadap,penyadap,acronym_words_typos
preeet,pret,acronym_words_typos
preettt,pret,acronym_words_typos
president,presiden,acronym_words_typos
presidentku,presidenku,acronym_words_typos
prettt,pret,acronym_words_typos
prh,parah,acronym_words_typos
prlu,perlu,acronym_words_typos
prnh,pernah,kumpulan_singkatan
proprovokator,pro provokator,perbaikan
prtumbuhan,pertumbuhan,acronym_words_typos
pst,pasti,kumpulan_singkatan
puaaaaas,puas,acronym_words_typos
pwlit,pelit,acronym_words_typos
qlo,kalau,acronym_words_typos
qt,kita,acronym_words_typos
ramaai,ramai,acronym_words_typos
rame,ramai,tambahan
rb,ribu,kumpulan_singkatan
rejim,rezim,acronym_words_typos
rp,rupiah,kumpulan_singkatan
samoe,sampai,acronym_words_typos
sampe,sampai,acronym_words_typos
sandiiiiii,sandi,acronym_words_typos
sayah,saya,acronym_words_typos
sbg,sebagai,acronym_words_typos
sblah,sebelah,acronym_words_typos
sblm,sebelum,acronym_words_typos
sblmnya,sebelumnya,perbaikan
sbnernya,sebenarnya,perbaikan
sbtr,sebentar,acronym_words_typos
sdg,sedang,kumpulan_singkatan
sdh,sudah,kumpulan_singkatan
sdhlah,sudahlah,acronym_words_typos
sebag,sebagian,perbaikan
sebats,sebatang,acronym_words_typos
sebenernya,sebenarnya,tambahan
sebnernya,sebenarnya,acronym_words_typos
sebnrnya,sebenarnya,perbaikan
segeraaaaaaa,segera,acronym_words_typos
seh,sih,acronym_words_typos
sekarng,sekarang,acronym_words_typos
sekarsng,sekarang,acronym_words_typos
sekrg,sekarang,acronym_words_typos
sempt,sempet,acronym_words_typos
sendirii,sendiri,acronym_words_typos
seneng,senang,tambahan
setidakxa,setidaknya,acronym_words_typos
setujuu,setuju,acronym_words_typos
setujuuu,setuju,acronym_words_typos
setujuuuuuuu,setuju,acronym_words_typos
sgt,sangat,acronym_words_typos
shg,sehingga,acronym_words_typos
siangapore,singapore,acronym_words_typos
sich,sih,acronym_words_typos
sihh,sih,acronym_words_typos
singapuraaaa,singapura,acronym_words_typos
sippp,sip,perbaikan
siy,sih,acronym_words_typos
sj,saja,acronym_words_typos
skalian,sekalian,acronym_words_typos
skg,sekarang,acronym_words_typos
sklian,sekalian,acronym_words_typos
skr,sekarang,acronym_words_typos
skrg,sekarang,kumpulan_singkatan
skrng,sekarang,acronym_words_typos
slah,salah,acronym_words_typos
slanjutnya,selanjutnya,acronym_words_typos
slh,salah,kumpulan_singkatan
slisih,selisih,acronym_words_typos
sll,selalu,acronym_words_typos
sllu,selalu,acronym_words_typos
slo,slow,acronym_words_typos
sm,sama,acronym_words_typos
smpai,sampai,acronym_words_typos
smw,semua,acronym_words_typos
sna,sana,acronym_words_typos
sndri,sendiri,acronym_words_typos
sono,sana,acronym_words_typos
sopo,siapa,acronym_words_typos
sperti,seperti,acronym_words_typos
spertinya,sepertinya,acronym_words_typos
sponsorshipp,sponsorship,acronym_words_typos
sprt,seperti,acronym_words_typos
sprti,seperti,acronym_words_typos
spt,seperti,acronym_words_typos
srby,surabaya,acronym_words_typos
ssdh,sudah,acronym_words_typos
stiap,setiap,acronym_words_typos
sudab,sudah,acronym_words_typos
sudahlahhhh,sudahlah,acronym_words_typos
sudaj,sudah,acronym_words_typos
survey,survei,tambahan
surveyny,surveynya,acronym_words_typos
sy,saya,acronym_words_typos
sya,saya,acronym_words_typos
syng,sayang,acronym_words_typos
tabiatny,tabiatnya,acronym_words_typos
taeekkkkkk,tai,acronym_words_typos
taik,tai,acronym_words_typos
tau,tahu,tambahan
taw,tahu,acronym_words_typos
tdak,tidak,acronym_words_typos
tdk,tidak,kumpulan_singkatan
terusss,terus,acronym_words_typos
teruuuss,terus,acronym_words_typos
teruuuus,terus,acronym_words_typos
tetep,tetap,tambahan
tgl,tanggal,kumpulan_singkatan
th,tahun,acronym_words_typos
thd,terhadap,acronym_words_typos
thdp,terhadap,acronym_words_typos
thn,tahun,acronym_words_typos
tivi,tv,acronym_words_typos
tlg,tolong,acronym_words_typos
tlonglah,tolonglah,acronym_words_typos
tlp,telepon,acronym_words_typos
tmpt,tempat,acronym_words_typos
tmsk,termasuk,acronym_words_typos
tolg,tolong,acronym_words_typos
toll,tol,tambahan
tolooool,tolol,acronym_words_typos
tp,tapi,kumpulan_singkatan
tpi,tapi,acronym_words_typos
trhdap,terhadap,acronym_words_typos
trmasuk,termasuk,acronym_words_typos
trnyata,ternyata,acronym_words_typos
trnyta,ternyata,acronym_words_typos
trrs,terus,kumpulan_singkatan
trs,terus,acronym_words_typos
trus,terus,tambahan
tsb,tersebut,acronym_words_typos
ttg,tentang,acronym_words_typos
ttng,tentang,acronym_words_typos
ttp,tetap,acronym_words_typos
tugasxa,tugasnya,acronym_words_typos
tuh,itu,tambahan
tuhh,itu,acronym_words_typos
tul,betul,acronym_words_typos
tuo,tua,acronym_words_typos
turnament,turnamen,acronym_words_typos
tuuuh,itu,acronym_words_typos
ud,sudah,tambahan
uda,sudah,tambahan
udah,sudah,tambahan
udh,sudah,tambahan
udud,rokok,acronym_words_typos
ug,juga,acronym_words_typos
uintuk,untuk,acronym_words_typos
utk,untuk,acronym_words_typos
w,saya,kumpulan_singkatan
waaah,wah,acronym_words_typos
wahhh,wah,acronym_words_typos
wakacaw,wah kacau,acronym_words_typos
wakaka,wkwk,acronym_words_typos
wakakak,wkwk,acronym_words_typos
wakakaka,wkwk,acronym_words_typos
wakakakak,wkwk,acronym_words_typos
wakakakakak,wkwk,acronym_words_typos
wakakkakaa,wkwk,acronym_words_typos
walo,walau,acronym_words_typos
wanjayy,anjay,acronym_words_typos
wanjirrrr,anjir,acronym_words_typos
waraass,waras,acronym_words_typos
weeekkkkkkkkkkkkk,wek,acronym_words_typos
wekekekekekekekekekekekekekekekek,wkwk,acronym_words_typos
wkakaka,wkwk,acronym_words_typos
wkkk,wkwk,acronym_words_typos
wkkkk,wkwk,acronym_words_typos
wkwkkwkkwk,wkwk,acronym_words_typos
wkwkkwkwkkwkw,wkwk,acronym_words_typos
wkwkw,wkwk,kumpulan_singkatan
wkwkwk,wkwk,acronym_words_typos
wkwkwkkk,wkwk,acronym_words_typos
wkwkwkkkk,wkwk,acronym_words_typos
wkwkwkw,wkwk,acronym_words_typos
wkwkwkwk,wkwk,acronym_words_typos
wkwkwkwkk,wkwk,acronym_words_typos
wkwkwkwkw,wkwk,acronym_words_typos
wkwkwkwkwk,wkwk,acronym_words_typos
wkwkwkwkwkkw,wkwk,acronym_words_typos
wkwkwkwkwkwk,wkwk,acronym_words_typos
wkwkwkwkwkwwkkkk,wkwk,acronym_words_typos
wkwkwkwkwwk,wkwk,acronym_words_typos
wong,orang,acronym_words_typos
wowww,wow,acronym_words_typos
woyy,woi,acronym_words_typos
y,ya,perbaikan
yaa,ya,acronym_words_typos
yaaa,ya,acronym_words_typos
yaaaa,ya,acronym_words_typos
yaaaaaa,ya,acronym_words_typos
yahhh,yah,acronym_words_typos
yeee,ye,acronym_words_typos
yg,yang,acronym_words_typos
yh,yah,acronym_words_typos
yt,youtube,acronym_words_typos
ytb,youtube,acronym_words_typos
yusup,yusuf,acronym_words_typos
yutup,youtube,acronym_words_typos
yv,yang,acronym_words_typos
zeyeng,sayang,acronym_words_typos
zoonk,zonk,acronym_words_typos
