jenis,asal,hasil,jumlah
kamus,yg,yang,1199
kamus,aja,saja,471
kamus,ga,tidak,427
kamus,gak,tidak,337
reduplikasi,anak2,anak-anak,259
kamus,kalo,kalau,251
kamus,udah,sudah,160
kamus,klo,kalau,131
kamus,ane,saya,111
kamus,tuh,itu,107
kamus,pake,pakai,105
kamus,emang,memang,97
kamus,tau,tahu,94
kamus,utk,untuk,90
kamus,gk,tidak,87
kamus,gw,saya,83
kamus,tdk,tidak,76
kamus,dgn,dengan,74
kamus,dr,dari,74
kamus,gitu,begitu,72
kamus,sdh,sudah,72
kamus,lu,kamu,68
kamus,nggak,tidak,67
kamus,jg,juga,66
kamus,org,orang,65
kamus,bener,benar,64
kamus,jd,jadi,62
kamus,tp,tapi,60
kamus,jgn,jangan,56
kamus,liat,lihat,55
kamus,kl,kalau,49
kamus,gini,begini,48
kamus,krn,karena,46
kamus,ngga,tidak,46
kamus,trus,terus,45
kamus,skrg,sekarang,43
kamus,g,tidak,42
reduplikasi,orang2,orang-orang,42
kamus,atlit,atlet,41
kamus,dg,dengan,40
kamus,gimana,bagaimana,38
kamus,sampe,sampai,38
kamus,d,di,37
kamus,ente,kamu,36
kamus,ama,sama,35
kamus,pengen,ingin,32
kamus,cuman,cuma,31
kamus,lg,lagi,31
kamus,lo,kamu,30
kamus,loe,kamu,30
kamus,bs,bisa,27
kamus,survey,survei,27
kamus,toll,tol,27
kamus,bubarin,bubarkan,26
kamus,gue,saya,26
kamus,kagak,tidak,26
kamus,n,dan,25
kamus,ijin,izin,24
reduplikasi,jelas2,jelas-jelas,23
kamus,koq,kok,22
kamus,knp,kenapa,20
kamus,diem,diam,19
kamus,lbh,lebih,19
kamus,ngak,tidak,19
reduplikasi,apa2,apa-apa,18
kamus,cm,cuma,18
reduplikasi,gara2,gara-gara,18
kamus,kaga,tidak,18
kamus,merk,merek,18
kamus,udh,sudah,18
kamus,ato,atau,17
kamus,gmn,bagaimana,17
tawa,hahaha,haha,17
kamus,komen,komentar,17
kamus,sy,saya,17
kamus,uda,sudah,17
reduplikasi,undang2,undang-undang,17
kamus,exploitasi,eksploitasi,16
kamus,keliatan,kelihatan,16
kamus,mo,mau,16
kamus,rp,rupiah,16
kamus,thn,tahun,16
kamus,y,ya,16
kamus,blm,belum,15
reduplikasi,org2,orang-orang,15
kamus,tsb,tersebut,15
tawa,wkwkwk,wkwk,15
kamus,bgt,banget,14
kamus,bkn,bukan,14
kamus,bnyk,banyak,14
kamus,dlm,dalam,14
kamus,jkt,jakarta,14
kamus,kemaren,kemarin,14
kamus,msh,masih,14
kamus,sm,sama,14
kamus,yaa,ya,14
kamus,aj,saja,13
kamus,dapet,dapat,13
kamus,donk,dong,13
kamus,ndak,tidak,13
kamus,pd,pada,13
kamus,trs,terus,13
kamus,drpd,daripada,12
kamus,enggak,tidak,12
kamus,gua,saya,12
kamus,karna,karena,12
kamus,kayanya,kayaknya,12
kamus,lha,lah,12
kamus,macem,macam,12
kamus,mrk,mereka,12
kamus,pantes,pantas,12
kamus,sbg,sebagai,12
kamus,sebenernya,sebenarnya,12
kamus,tetep,tetap,12
kamus,wong,orang,12
kamus,dpt,dapat,11
tawa,hahahaha,haha,11
kamus,hrs,harus,11
kamus,kyk,kayak,11
kamus,abis,habis,10
kamus,aje,saja,10
kamus,dibubarin,dibubarkan,10
kamus,dlu,dulu,10
kamus,dsb,dan sebagainya,10
kamus,elu,kamu,10
reduplikasi,hal2,hal-hal,10
kamus,inget,ingat,10
kamus,kasian,kasihan,10
kamus,rame,ramai,10
kamus,spt,seperti,10
kamus,ampe,sampai,9
reduplikasi,bibit2,bibit-bibit,9
kamus,denger,dengar,9
kamus,ekploitasi,eksploitasi,9
kamus,emg,memang,9
kamus,gtu,begitu,9
kamus,khan,kan,9
kamus,klu,kalau,9
kamus,maen,main,9
kamus,negri,negeri,9
kamus,pinter,pintar,9
kamus,seneng,senang,9
reduplikasi,sinetron2,sinetron-sinetron,9
kamus,ancur,hancur,8
reduplikasi,benar2,benar-benar,8
kamus,boss,bos,8
kamus,brp,berapa,8
kamus,byk,banyak,8
kamus,dri,dari,8
kamus,engga,tidak,8
kamus,mmg,memang,8
reduplikasi,sama2,sama-sama,8
kamus,ttp,tetap,8
kamus,ud,sudah,8
reduplikasi,dimana2,dimana-dimana,7
kamus,dl,dulu,7
kamus,dng,dengan,7
kamus,gpp,tidak apa-apa,7
kamus,gt,begitu,7
reduplikasi,jangan2,jangan-jangan,7
kamus,jt,juta,7
reduplikasi,lembaga2,lembaga-lembaga,7
kamus,sj,saja,7
kamus,skrng,sekarang,7
kamus,th,tahun,7
kamus,thd,terhadap,7
tawa,wkwkwkwk,wkwk,7
reduplikasi,atlit2,atlet-atlet,6
reduplikasi,bener2,benar-benar,6
kamus,gegara,gara-gara,6
reduplikasi,koar2,koar-koar,6
kamus,mgkn,mungkin,6
kamus,nga,tidak,6
kamus,shg,sehingga,6
kamus,sperti,seperti,6
kamus,w,saya,6
reduplikasi,acara2,acara-acara,5
reduplikasi,baik2,baik-baik,5
kamus,bgini,begini,5
kamus,bner,benar,5
kamus,brarti,berarti,5
reduplikasi,cari2,cari-cari,5
kamus,da,ada,5
reduplikasi,demo2,demo-demo,5
kamus,dmn,dimana,5
kamus,hrsnya,harusnya,5
kamus,ig,instagram,5
kamus,kyak,kayak,5
reduplikasi,lama2,lama-lama,5
kamus,ntu,itu,5
kamus,rb,ribu,5
kamus,tivi,tv,5
kamus,tpi,tapi,5
kamus,yaaa,ya,5
kamus,ajah,saja,4
reduplikasi,anak2nya,anak-anaknya,4
reduplikasi,aneh2,aneh-aneh,4
kamus,bangsad,bangsat,4
reduplikasi,bertahun2,bertahun-bertahun,4
reduplikasi,besok2,besok-besok,4
kamus,bgitu,begitu,4
reduplikasi,buang2,buang-buang,4
kamus,byr,bayar,4
reduplikasi,emak2,emak-emak,4
reduplikasi,embel2,embel-embel,4
reduplikasi,ikut2,ikut-ikut,4
kamus,jk,jika,4
kamus,jkw,jokowi,4
reduplikasi,kira2,kira-kira,4
kamus,kn,kan,4
kamus,kpd,kepada,4
kamus,lwt,lewat,4
kamus,mgkin,mungkin,4
reduplikasi,mimpi2,mimpi-mimpi,4
kamus,mngkin,mungkin,4
kamus,mslh,masalah,4
kamus,naek,naik,4
kamus,napa,kenapa,4
kamus,nggk,tidak,4
kamus,pdhal,padahal,4
kamus,pst,pasti,4
reduplikasi,pura2,pura-pura,4
kamus,skg,sekarang,4
kamus,skr,sekarang,4
kamus,sono,sana,4
kamus,ttg,tentang,4
reduplikasi,ujung2nya,ujung-ujungnya,4
tawa,wakakaka,wkwk,4
tawa,wkwkw,wkwk,4
kamus,ap,apa,3
kamus,ape,apa,3
reduplikasi,atlet2,atlet-atlet,3
reduplikasi,bakat2,bakat-bakat,3
kamus,bbrp,beberapa,3
kamus,blg,bilang,3
kamus,bnyak,banyak,3
kamus,bosss,bos,3
reduplikasi,cebong2,cebong-cebong,3
kamus,cmn,cuma,3
kamus,daon,daun,3
kamus,dn,dan,3
kamus,dunk,dong,3
kamus,emangnya,memangnya,3
kamus,gmana,bagaimana,3
huruf_berulang,halooo,halo,3
tawa,hehehe,hehe,3
huruf_berulang,hhhmm,hmm,3
kamus,hny,hanya,3
reduplikasi,iklan2,iklan-iklan,3
reduplikasi,janji2,janji-janji,3
kamus,jateng,jawa tengah,3
reduplikasi,jgn2,jangan-jangan,3
kamus,jln,jalan,3
kamus,kmn,kemana,3
kamus,ky,kayak,3
reduplikasi,maju2,maju-maju,3
reduplikasi,mentang2,mentang-mentang,3
kamus,mkn,makin,3
reduplikasi,negara2,negara-negara,3
kamus,ngarti,ngerti,3
kamus,nnti,nanti,3
kamus,nntn,nonton,3
kamus,nt,nanti,3
kamus,ny,nya,3
kamus,pdhl,padahal,3
reduplikasi,pemain2,pemain-pemain,3
reduplikasi,perusahaan2,perusahaan-perusahaan,3
kamus,pilem,film,3
kamus,pke,pakai,3
kamus,pnting,penting,3
kamus,president,presiden,3
reduplikasi,satu2nya,satu-satunya,3
kamus,sblm,sebelum,3
kamus,seh,sih,3
kamus,sgt,sangat,3
kamus,skalian,sekalian,3
kamus,sprti,seperti,3
reduplikasi,tahun2,tahun-tahun,3
reduplikasi,teriak2,teriak-teriak,3
reduplikasi,tiba2,tiba-tiba,3
kamus,tlg,tolong,3
reduplikasi,undang2nya,undang-undangnya,3
tawa,wkwkwkw,wkwk,3
tawa,wkwkwkwkwk,wkwk,3
kamus,yaaaa,ya,3
kamus,aamiin,amin,2
reduplikasi,adegan2,adegan-adegan,2
tawa,ahahaha,haha,2
kamus,ahh,ah,2
kamus,amad,amat,2
kamus,amrik,amerika,2
reduplikasi,anak2x,anak-anak,2
kamus,aplg,apalagi,2
kamus,asbun,asal bunyi,2
kamus,aza,saja,2
kamus,bagaiman,bagaimana,2
kamus,belom,belum,2
reduplikasi,berdarah2,berdarah-berdarah,2
reduplikasi,berita2,berita-berita,2
reduplikasi,bertanya2,bertanya-bertanya,2
kamus,bgmn,bagaimana,2
kamus,bgni,begini,2
kamus,bhw,bahwa,2
kamus,bkan,bukan,2
kamus,bln,bulan,2
kamus,bnr,benar,2
reduplikasi,bnr2,benar-benar,2
reduplikasi,bocah2,bocah-bocah,2
kamus,br,baru,2
kamus,brani,berani,2
kamus,bru,baru,2
kamus,btl,betul,2
reduplikasi,bukti2,bukti-bukti,2
kamus,bulutqngkis,bulutangkis,2
reduplikasi,bunuh2,bunuh-bunuh,2
kamus,cem,kayak,2
kamus,ckckckck,ckck,2
reduplikasi,coba2,coba-coba,2
reduplikasi,diam2,diam-diam,2
reduplikasi,diem2,diam-diam,2
reduplikasi,dikit2,dikit-dikit,2
kamus,disuru,disuruh,2
kamus,donkk,dong,2
kamus,dpn,depan,2
kamus,drjarum,djarum,2
kamus,dst,dan seterusnya,2
reduplikasi,dulu2,dulu-dulu,2
kamus,emgnya,memangnya,2
huruf_berulang,gaesss,gaes,2
huruf_berulang,gannn,gan,2
reduplikasi,gara²,gara-gara,2
kamus,hadehhh,hadeh,2
tawa,hahahah,haha,2
tawa,hahahahaha,haha,2
reduplikasi,hak2,hak-hak,2
kamus,hmmm,hmm,2
kamus,hmmmmmm,hmm,2
kamus,hrus,harus,2
kamus,hsl,hasil,2
kamus,indinesia,indonesia,2
reduplikasi,intrik2,intrik-intrik,2
reduplikasi,jalan2,jalan-jalan,2
kamus,jgan,jangan,2
kamus,jls,jelas,2
reduplikasi,jls2,jelas-jelas,2
reduplikasi,juara2,juara-juara,2
kamus,kalee,kali,2
reduplikasi,kalian2,kalian-kalian,2
reduplikasi,kasus2,kasus-kasus,2
reduplikasi,kata2,kata-kata,2
reduplikasi,kelompok2,kelompok-kelompok,2
reduplikasi,kemarin2,kemarin-kemarin,2
kamus,kgk,tidak,2
kamus,klau,kalau,2
reduplikasi,komen2,komentar-komentar,2
kamus,krena,karena,2
kamus,krna,karena,2
kamus,ksh,kasih,2
kamus,laah,lah,2
reduplikasi,lain2,lain-lain,2
kamus,lbih,lebih,2
kamus,lgsg,langsung,2
kamus,lhoo,lho,2
kamus,looo,kamu,2
reduplikasi,manusia2,manusia-manusia,2
reduplikasi,masing2,masing-masing,2
kamus,mikiirrrr,mikir,2
huruf_berulang,mirissss,miris,2
kamus,mknya,makanya,2
kamus,mnding,mending,2
kamus,mngkn,mungkin,2
kamus,mnrt,menurut,2
kamus,mpe,sampai,2
kamus,mrt,menurut,2
reduplikasi,mudah2an,mudah-mudahan,2
reduplikasi,muka2,muka-muka,2
kamus,nahhhh,nah,2
kamus,ngemeng,ngomong,2
kamus,ngk,tidak,2
kamus,nh,nih,2
reduplikasi,nuduh2,nuduh-nuduh,2
reduplikasi,nyari2,nyari-nyari,2
reduplikasi,ondel2,ondel-ondel,2
reduplikasi,ormas2,ormas-ormas,2
reduplikasi,orng2,orng-orng,2
kamus,perduli,peduli,2
kamus,plg,paling,2
kamus,prlu,perlu,2
kamus,prnh,pernah,2
kamus,prtumbuhan,pertumbuhan,2
reduplikasi,pukulan2n,pukulan-pukulann,2
kamus,rejim,rezim,2
reduplikasi,repot2,repot-repot,2
reduplikasi,ribut2,ribut-ribut,2
reduplikasi,rodo2,rodo-rodo,2
kamus,sayah,saya,2
reduplikasi,sekali2,sekali-sekali,2
kamus,sekarsng,sekarang,2
kamus,sekrg,sekarang,2
reduplikasi,seolah2,seolah-seolah,2
reduplikasi,siap2,siap-siap,2
kamus,slh,salah,2
reduplikasi,sok2an,sok-sokan,2
kamus,stiap,setiap,2
reduplikasi,suka2,suka-suka,2
kamus,sya,saya,2
reduplikasi,teman2,teman-teman,2
reduplikasi,temen2,temen-temen,2
reduplikasi,temen2nya,temen-temennya,2
kamus,thdp,terhadap,2
kamus,tlp,telepon,2
reduplikasi,tokoh2,tokoh-tokoh,2
reduplikasi,triak2,triak-triak,2
kamus,trnyata,ternyata,2
kamus,tuo,tua,2
kamus,turnament,turnamen,2
tawa,wakakakak,wkwk,2
reduplikasi,weleh2,weleh-weleh,2
kamus,yahhh,yah,2
kamus,yv,yang,2
kamus,zeyeng,sayang,2
kamus,aaah,ah,1
reduplikasi,abg2,abg-abg,1
reduplikasi,abis2an,habis-habisan,1
reduplikasi,ada2,ada-ada,1
kamus,adaaaaw,ada,1
kamus,adegam,adegan,1
reduplikasi,adegan²,adegan-adegan,1
kamus,adlh,adalah,1
reduplikasi,agan2,agan-agan,1
tawa,ahahah,haha,1
kamus,ajaa,saja,1
kamus,ajaaah,saja,1
kamus,ajala,ajalah,1
reduplikasi,ajang2,ajang-ajang,1
kamus,ajee,saja,1
kamus,ajja,saja,1
reduplikasi,ajug2ny,ajug-ajugny,1
reduplikasi,akal2an,akal-akalan,1
kamus,akhhh,ah,1
reduplikasi,akhir2,akhir-akhir,1
reduplikasi,alasan2,alasan-alasan,1
kamus,alayyyy,alay,1
reduplikasi,aman2,aman-aman,1
kamus,amatt,amat,1
huruf_berulang,aminnnn,amin,1
kamus,ampai,sampai,1
kamus,anakny,anaknya,1
reduplikasi,anak²,anak-anak,1
huruf_berulang+kamus,ancurrr,hancur,1
huruf_berulang+kamus,ancurrrrrrr,hancur,1
reduplikasi,anda2lah,anda-andalah,1
kamus,anehhh,aneh,1
kamus,ank,anak,1
reduplikasi,antek2nya,antek-anteknya,1
kamus,apaaaa,apa,1
kamus,apaam,apaan,1
kamus,aplgi,apalagi,1
kamus,aplod,upload,1
reduplikasi,arak2an,arak-arakan,1
reduplikasi,artis2,artis-artis,1
kamus,asiik,asik,1
kamus,asikkk,asik,1
kamus,assekk,asik,1
kamus,astagaaaa,astaga,1
kamus,ataugak,atau tidak,1
reduplikasi,ati2,ati-ati,1
reduplikasi,atle2,atlet-atlet,1
reduplikasi,audisi2,audisi-audisi,1
reduplikasi,audisi2an,audisi-audisian,1
reduplikasi,ayo2,ayo-ayo,1
huruf_berulang,ayooo,ayo,1
kamus,azaaa,saja,1
reduplikasi,azab2an,azab-azaban,1
kamus,azza,saja,1
kamus,bacooooot,bacot,1
reduplikasi,bacot2,bacot-bacot,1
reduplikasi,badan2,badan-badan,1
huruf_berulang,baduttt,badut,1
kamus,bagamana,bagaimana,1
kamus,bagemana,bagaimana,1
reduplikasi,bagi2,bagi-bagi,1
huruf_berulang,bagooosss,bagos,1
reduplikasi,bagus2,bagus-bagus,1
huruf_berulang,bahluuull,bahlull,1
reduplikasi,balap2an,balap-balapan,1
kamus,bambank,bambang,1
kamus,bambankkkk,bambang,1
kamus,bangeett,banget,1
huruf_berulang,bangkeee,bangke,1
huruf_berulang,bangunnn,bangun,1
reduplikasi,batu2,batu-batu,1
reduplikasi,bau2,bau-bau,1
reduplikasi,bawa2,bawa-bawa,1
kamus,bbelum,belum,1
kamus,bdg,bandung,1
kamus,becusss,becus,1
reduplikasi,bego2in,bego-begoin,1
kamus,begoknya,begonya,1
kamus,begooooooo,bego,1
kamus,behhh,beh,1
reduplikasi,bekoar2,bekoar-bekoar,1
reduplikasi,beli2,beli-beli,1
reduplikasi,bener2x,benar-benar,1
reduplikasi,bentar2,bentar-bentar,1
reduplikasi,bentuk2,bentuk-bentuk,1
reduplikasi,berantem2an,berantem-beranteman,1
reduplikasi,berbondong2,berbondong-berbondong,1
reduplikasi,berbual2,berbual-berbual,1
reduplikasi,bercita2,bercita-bercita,1
kamus,berenxana,berencana,1
reduplikasi,berfoya2,berfoya-berfoya,1
reduplikasi,berjilid2,berjilid-berjilid,1
reduplikasi,berkali2,berkali-berkali,1
reduplikasi,berkotek2,berkotek-berkotek,1
reduplikasi,berlama2an,berlama-berlamaan,1
reduplikasi,bermacet2,bermacet-bermacet,1
reduplikasi,bersih2,bersih-bersih,1
reduplikasi,besar2an,besar-besaran,1
reduplikasi,betul2,betul-betul,1
huruf_berulang,betulll,betul,1
kamus,bgm,bagaimana,1
kamus,bgmana,bagaimana,1
kamus,bgtu,begitu,1
kamus,bhkan,bahkan,1
kamus,biaskop,bioskop,1
reduplikasi,biaya2,biaya-biaya,1
huruf_berulang,biiaassaaa,biasa,1
reduplikasi,bisa2,bisa-bisa,1
kamus,bkl,bakal,1
kamus,blajar,belajar,1
kamus,blunderrrr,blunder,1
reduplikasi,bner2,benar-benar,1
kamus,bnerr,benar,1
kamus,bngt,banget,1
kamus,bocorrrrrrr,bocor,1
reduplikasi,boong2an,bohong-bohongan,1
kamus,bossssss,bos,1
reduplikasi,bpk2,bapak-bapak,1
reduplikasi,brantem2,brantem-brantem,1
kamus,breeyyyy,brey,1
kamus,brg,barang,1
kamus,brgkt,berangkat,1
reduplikasi,bs2,bisa-bisa,1
reduplikasi,bsk2,bsk-bsk,1
kamus,bsnya,bisanya,1
kamus,bsr,besar,1
kamus,buaanyaaak,banyak,1
kamus,buad,buat,1
kamus,bukanny,bukannya,1
reduplikasi,bulan2an,bulan-bulanan,1
reduplikasi,bully2an,bully-bullyan,1
reduplikasi,buru2,buru-buru,1
kamus,buueesssaaar,besar,1
reduplikasi,buxzzer2,buxzzer-buxzzer,1
kamus,bwaa,bawa,1
kamus,bwt,buat,1
kamus,byar,bayar,1
kamus,byeeeee,bye,1
reduplikasi,cabang2,cabang-cabang,1
reduplikasi,calon2,calon-calon,1
kamus,cape,capek,1
reduplikasi,cape2,capek-capek,1
reduplikasi,cara2,cara-cara,1
kamus,cb,coba,1
kamus,cbang,cabang,1
reduplikasi,cinta2an,cinta-cintaan,1
reduplikasi,cita2,cita-cita,1
reduplikasi,cita2nya,cita-citanya,1
kamus,civitaa,civitas,1
kamus,ciyeee,cie,1
kamus,ckckck,ckck,1
kamus,ckckckckck,ckck,1
kamus,ckckckckckc,ckck,1
huruf_berulang,ckkk,ck,1
kamus,cma,cuma,1
reduplikasi,contoh2,contoh-contoh,1
kamus,crt,cerita,1
reduplikasi,cuap2,cuap-cuap,1
reduplikasi,cuma2,cuma-cuma,1
kamus,cuntellll,cuntel,1
reduplikasi,curhat2,curhat-curhat,1
huruf_berulang,cuuuy,cuy,1
kamus,cwenya,cewenya,1
reduplikasi,cwo2,cwo-cwo,1
huruf_berulang,dannn,dan,1
huruf_berulang,dasaaar,dasar,1
reduplikasi,data2nya,data-datanya,1
reduplikasi,deal2an,deal-dealan,1
reduplikasi,demo2an,demo-demoan,1
kamus,dhe,deh,1
reduplikasi,diangkat2,diangkat-diangkat,1
reduplikasi,diapa2in,diapa-diapain,1
kamus,dibikinya,dibikinnya,1
reduplikasi,dicari2,dicari-dicari,1
kamus,didlm,didalam,1
kamus,difimfin,dipimpin,1
kamus,dii,di,1
huruf_berulang,diiih,dih,1
kamus,dijakarta,di jakarta,1
kamus,dijln,dijalan,1
reduplikasi,dimaki2,dimaki-dimaki,1
huruf_berulang,dimasalahkaaan,dimasalahkan,1
kamus,dimn,dimana,1
reduplikasi,dimn2,dimana-dimana,1
reduplikasi,diobok2,diobok-diobok,1
reduplikasi,dioprek2,dioprek-dioprek,1
reduplikasi,dipikir2,dipikir-dipikir,1
reduplikasi,disensor2,disensor-disensor,1
kamus,djarumny,djarumnya,1
kamus,dlam,dalam,1
reduplikasi,dmana2,dimana-dimana,1
kamus,dmna,dimana,1
kamus,dngn,dengan,1
kamus,doangg,doang,1
kamus,dodooolll,dodol,1
kamus,donggg,dong,1
kamus,donlot,download,1
kamus,dossssss,dos,1
kamus,dpan,depan,1
kamus,dripda,daripada,1
kamus,drmna,darimana,1
kamus,drpda,daripada,1
kamus,dsini,disini,1
kamus,dtk,detik,1
huruf_berulang,duluuu,dulu,1
reduplikasi,dungu2,dungu-dungu,1
kamus,duwit,duit,1
kamus,dyaaaarrrrrrrrr,duar,1
kamus,eeeeeehhhhh,eh,1
kamus,eeehhh,eh,1
kamus,eeh,eh,1
reduplikasi,ehem2,ehem-ehem,1
huruf_berulang,ehemmm,ehem,1
kamus,ehh,eh,1
kamus,ekting,akting,1
reduplikasi,emak2nya,emak-emaknya,1
kamus,emank,memang,1
reduplikasi,embel2x,embel-embel,1
reduplikasi,episode2,episode-episode,1
huruf_berulang,esiaaapp,esiapp,1
kamus,fikir,pikir,1
huruf_berulang,gabenerrrr,gabener,1
kamus,gad,tidak ada,1
reduplikasi,gaji2,gaji-gaji,1
kamus,gank,gang,1
kamus,gerammmm,geram,1
reduplikasi,gila2an,gila-gilaan,1
kamus,gimna,bagaimana,1
kamus,gjelas,tidak jelas,1
kamus,goblook,goblok,1
kamus,goooooaaaal,goal,1
kamus,govlok,goblok,1
reduplikasi,grepe2,grepe-grepe,1
reduplikasi,gruk2,gruk-gruk,1
huruf_berulang,gubernuuur,gubernur,1
kamus,gublok,goblok,1
kamus,gublokk,goblok,1
kamus,guobluook,goblok,1
kamus,guwe,saya,1
kamus,haaaancuuuuur,hancur,1
kamus,haalllloooo,halo,1
reduplikasi,habis2in,habis-habisin,1
kamus,haddaaahhh,hadah,1
kamus,hadeehh,hadeh,1
kamus,hadehh,hadeh,1
huruf_berulang,hadehhhh,hadeh,1
kamus,hadiiiirr,hadir,1
tawa,hahahaaha,haha,1
tawa,hahahahaa,haha,1
tawa,hahahahaahha,haha,1
tawa,hahahahahah,haha,1
tawa,hahahahahahahahahaha,haha,1
tawa,hahahahahahhahahaha,haha,1
tawa,hahahahhahahahahaha,haha,1
tawa,hahahhaa,haha,1
huruf_berulang,haizzz,haiz,1
kamus,halaaah,halah,1
reduplikasi,halangi2,halangi-halangi,1
reduplikasi,harga2,harga-harga,1
kamus,harua,harus,1
reduplikasi,hati2,hati-hati,1
kamus,hayoo,hayo,1
huruf_berulang,hayoooo,hayo,1
kamus,hbs,habis,1
kamus,hbskan,habiskan,1
tawa,hehehehehe,hehe,1
kamus,hhh,haha,1
kamus,hhhhmmmm,hmm,1
kamus,hhhmmm,hmm,1
kamus,hhhmmmmm,hmm,1
huruf_berulang,hmmmm,hmm,1
kamus,horeee,hore,1
kamus,hqq,hakiki,1
kamus,hr,hari,1
kamus,hrg,harga,1
tawa,huahahah,haha,1
tawa,huahahahahaa,haha,1
tawa,huahahahahaaaaa,haha,1
tawa,huahahahahaha,haha,1
kamus,huahuahaaaaaa,haha,1
tawa,huahuahauha,haha,1
kamus,huss,hus,1
reduplikasi,ibu2,ibu-ibu,1
reduplikasi,ide2,ide-ide,1
kamus,idihh,idih,1
reduplikasi,idola2an,idola-idolaan,1
reduplikasi,ikan2,ikan-ikan,1
reduplikasi,iklan2nya,iklan-iklannya,1
reduplikasi,ilmu2,ilmu-ilmu,1
kamus,ina,indonesia,1
kamus,indosata,indosat,1
kamus,inii,ini,1
kamus,iniii,ini,1
reduplikasi,intitusi2,intitusi-intitusi,1
reduplikasi,issue2,issue-issue,1
reduplikasi,isu2,isu-isu,1
reduplikasi,itung2,itung-itung,1
reduplikasi,itung2an,itung-itungan,1
kamus,iyaaa,iya,1
kamus,iyyaahh,iya,1
kamus,ja,saja,1
reduplikasi,jabatan2,jabatan-jabatan,1
kamus,jafi,jadi,1
reduplikasi,jagoan2,jagoan-jagoan,1
reduplikasi,jaman2,jaman-jaman,1
reduplikasi,jangan²,jangan-jangan,1
kamus,jangkrikkkkkk,jangkrik,1
reduplikasi,janji2x,janji-janji,1
kamus,jarun,djarum,1
reduplikasi,jasa2,jasa-jasa,1
kamus,jauhh,jauh,1
kamus,jawabb,jawab,1
kamus,jdarum,djarum,1
kamus,jdilah,jadilah,1
kamus,jdjarum,djarum,1
kamus,jelasssss,jelas,1
reduplikasi,jelek2in,jelek-jelekin,1
kamus,jgk,juga,1
kamus,jiaaah,jiah,1
kamus,jkrta,jakarta,1
kamus,jktku,jakartaku,1
kamus,jl,jalan,1
kamus,jlebbb,jleb,1
kamus,jng,jangan,1
kamus,jngn,jangan,1
reduplikasi,jual2,jual-jual,1
kamus,juancoxxx,jancuk,1
kamus,jyg,yang,1
reduplikasi,kadang2,kadang-kadang,1
reduplikasi,kader2,kader-kader,1
reduplikasi,kajian2,kajian-kajian,1
reduplikasi,kakek2,kakek-kakek,1
kamus,kale,kali,1
kamus,kaleeee,kali,1
reduplikasi,kaleng2,kaleng-kaleng,1
kamus,kaliiiii,kali,1
reduplikasi,kalimat2,kalimat-kalimat,1
kamus,kamiiiiiiiing,kambing,1
kamus,kamoooh,kamu,1
reduplikasi,kampanye2,kampanye-kampanye,1
reduplikasi,kampret2,kampret-kampret,1
kamus,kapir,kafir,1
kamus,kapling,kavling,1
kamus,karenaa,karena,1
kamus,karton,kartun,1
reduplikasi,kartun2,kartun-kartun,1
reduplikasi,karyawan2,karyawan-karyawan,1
kamus,kasusu,kasus,1
reduplikasi,kata2nya,kata-katanya,1
kamus,kawab,jawab,1
kamus,kbr,kabar,1
kamus,kcuali,kecuali,1
kamus,kdg,kadang,1
kamus,keapda,kepada,1
reduplikasi,kebut2an,kebut-kebutan,1
kamus,kegiaan,kegiatan,1
kamus,kegiatn,kegiatan,1
reduplikasi,kejang2,kejang-kejang,1
reduplikasi,kejutan2,kejutan-kejutan,1
reduplikasi,kekar2,kekar-kekar,1
reduplikasi,kelahi2an,kelahi-kelahian,1
reduplikasi,keliling2,keliling-keliling,1
reduplikasi,kemaren2,kemarin-kemarin,1
kamus,kembsli,kembali,1
kamus,kemen,kementerian,1
kamus,kemeren,kemarin,1
kamus,kemrn,kemarin,1
reduplikasi,kenapa2,kenapa-kenapa,1
reduplikasi,keoco2nya,keoco-keoconya,1
kamus,keraa,keras,1
reduplikasi,keren2an,keren-kerenan,1
kamus,kerjany,kerjanya,1
reduplikasi,ketar2,ketar-ketar,1
kamus,kga,tidak,1
kamus,kgiatan,kegiatan,1
reduplikasi,khilaf2,khilaf-khilaf,1
kamus,kikikikikik,kikik,1
reduplikasi,kimpoi2,kimpoi-kimpoi,1
reduplikasi,kinyis2,kinyis-kinyis,1
reduplikasi,kita2,kita-kita,1
reduplikasi,kmaren2,kemarin-kemarin,1
kamus,kmna,kemana,1
reduplikasi,kmrn2,kmrn-kmrn,1
kamus,knpa,kenapa,1
kamus,koe,kamu,1
huruf_berulang,kokowiii,kokowi,1
reduplikasi,komentar2nya,komentar-komentarnya,1
reduplikasi,komisaris2nya,komisaris-komisarisnya,1
reduplikasi,komisi2,komisi-komisi,1
kamus,konsekwensi,konsekuensi,1
reduplikasi,konten2,konten-konten,1
reduplikasi,kota2,kota-kota,1
kamus,kozonk,kosong,1
kamus,kpaiiiii,kpai,1
kamus,krlompok,kelompok,1
kamus,ksalahan,kesalahan,1
reduplikasi,kubu2,kubu-kubu,1
kamus,kuranh,kurang,1
kamus,kutukn,kutukan,1
kamus,kyknya,kayaknya,1
huruf_berulang,laaa,la,1
kamus,laahh,lah,1
kamus,lach,lah,1
kamus,lagii,lagi,1
kamus,lahh,lah,1
reduplikasi,lampu2,lampu-lampu,1
reduplikasi,larang2,larang-larang,1
kamus,lassss,las,1
kamus,lemaahhhhhhhhhhh,lemah,1
reduplikasi,lempar2an,lempar-lemparan,1
reduplikasi,les2an,les-lesan,1
kamus,lgs,langsung,1
kamus,lm,lama,1
kamus,lmayanlah,lumayanlah,1
kamus,lngsung,langsung,1
reduplikasi,logo2,logo-logo,1
kamus,lohh,loh,1
huruf_berulang,lohhh,loh,1
kamus,lohhhh,loh,1
kamus,lsg,langsung,1
kamus,luaarrr,luar,1
reduplikasi,lucu2,lucu-lucu,1
reduplikasi,ma2,ma-ma,1
reduplikasi,macam2,macam-macam,1
kamus,mahaaaaaaalll,mahal,1
reduplikasi,mahal2,mahal-mahal,1
reduplikasi,mahluk2,mahluk-mahluk,1
reduplikasi,maki2,maki-maki,1
reduplikasi,maki2an,maki-makian,1
kamus,maleees,males,1
reduplikasi,malu2,malu-malu,1
reduplikasi,malu2in,malu-maluin,1
kamus,mampoooosssss,mampus,1
kamus,mampuss,mampus,1
reduplikasi,mana2,mana-mana,1
kamus,mantaaaaaasab,mantap,1
kamus,mantaaapppp,mantap,1
kamus,mantapp,mantap,1
kamus,mantullllllll,mantap,1
reduplikasi,mari2,mari-mari,1
reduplikasi,masa2,masa-masa,1
kamus,masyarakt,masyarakat,1
reduplikasi,mati2an,mati-matian,1
reduplikasi,mau2nya,mau-maunya,1
kamus,mayoritaz,mayoritas,1
kamus,mbaaak,mba,1
reduplikasi,mdh2an,mdh-mdhan,1
reduplikasi,media2x,media-media,1
kamus,melalu,melalui,1
reduplikasi,melas2,melas-melas,1
kamus,memamg,memang,1
kamus,membleee,memble,1
reduplikasi,menbuang2,menbuang-menbuang,1
reduplikasi,mengada2,mengada-mengada,1
kamus,mengadaka,mengadakan,1
reduplikasi,mengait2kan,mengait-mengaitkan,1
kamus,mengataka,mengatakan,1
reduplikasi,menggoblok2an,menggoblok-menggoblokan,1
kamus,menghilangakn,menghilangkan,1
kamus,menghsrumkan,mengharumkan,1
kamus,menhindari,menghindari,1
reduplikasi,mentah2,mentah-mentah,1
reduplikasi,mentok2,mentok-mentok,1
reduplikasi,mereka2,mereka-mereka,1
reduplikasi,merk2,merek-merek,1
kamus,mewikili,mewakili,1
kamus,mgk,mungkin,1
kamus,mhon,mohon,1
kamus,mikiiirrrr,mikir,1
kamus,mikiiirrrrr,mikir,1
kamus,mikiirrree,mikirnya,1
kamus,mikirrrr,mikir,1
reduplikasi,minta2,minta-minta,1
reduplikasi,mirip2,mirip-mirip,1
kamus,mjd,menjadi,1
kamus,mkan,makan,1
kamus,mksd,maksud,1
kamus,mksdnye,maksudnya,1
kamus,mksudnya,maksudnya,1
kamus,mlh,malah,1
kamus,mlhn,malahan,1
kamus,mmbunuh,membunuh,1
kamus,mmng,memang,1
kamus,mn,mana,1
kamus,mndekati,mendekati,1
reduplikasi,mobil2an,mobil-mobilan,1
reduplikasi,model2,model-model,1
kamus,momentnya,momennya,1
kamus,mon,mohon,1
kamus,msih,masih,1
kamus,msuk,masuk,1
kamus,msyrakat,masyarakat,1
kamus,mudab,mudah,1
reduplikasi,mudah2n,mudah-mudahn,1
kamus,muiinnyakkkkk,minyak,1
reduplikasi,muka2nya,muka-mukanya,1
kamus,mulaaaaaaan,mulan,1
kamus,mulei,mulai,1
huruf_berulang,mundurrr,mundur,1
reduplikasi,musik2,musik-musik,1
kamus,nasibmoe,nasibmu,1
huruf_berulang,ndesooo,ndeso,1
kamus,nee,nih,1
reduplikasi,ngais2,ngais-ngais,1
reduplikasi,ngancam2,ngancam-ngancam,1
reduplikasi,ngap2an,ngap-ngapan,1
reduplikasi,ngapai2n,ngapai-ngapain,1
reduplikasi,ngatur2,ngatur-ngatur,1
huruf_berulang,ngawurrrr,ngawur,1
kamus,ngedkg,ngedukung,1
huruf_berulang,ngeleees,ngeles,1
reduplikasi,ngerekam2,ngerekam-ngerekam,1
reduplikasi,ngerti2,ngerti-ngerti,1
reduplikasi,ngetik2,ngetik-ngetik,1
kamus,nggaaak,tidak,1
reduplikasi,ngikut2,ngikut-ngikut,1
kamus,ngoahahaha,haha,1
reduplikasi,ngoceh2,ngoceh-ngoceh,1
reduplikasi,ngompor2in,ngompor-ngomporin,1
reduplikasi,ngongkang2,ngongkang-ngongkang,1
reduplikasi,ngoprek2,ngoprek-ngoprek,1
reduplikasi,ngos2an,ngos-ngosan,1
kamus,niih,nih,1
huruf_berulang,niiihh,nih,1
kamus,njirr,anjir,1
kamus,nnt,nanti,1
kamus,nntiny,nantinya,1
kamus,nntonya,nontonnya,1
huruf_berulang,nohhh,noh,1
kamus,nontom,nonton,1
kamus,ntapssss,mantap,1
kamus,ntr,ntar,1
kamus,ntuh,itu,1
huruf_berulang,nyaahhh,nyaah,1
huruf_berulang,nyiiiiiiinyirnya,nyinyirnya,1
reduplikasi,nyinyir2,nyinyir-nyinyir,1
kamus,olehraga,olahraga,1
reduplikasi,omongan2,omongan-omongan,1
kamus,ooh,oh,1
huruf_berulang,ooohhh,oh,1
kamus,oooonnn,oon,1
reduplikasi,orang2nya,orang-orangnya,1
reduplikasi,oranh2nya,oranh-oranhnya,1
kamus,orba,orde baru,1
kamus,orgnya,orangnya,1
kamus,orgsme,orgasme,1
reduplikasi,pabrik2,pabrik-pabrik,1
reduplikasi,paham2,paham-paham,1
kamus,pakr,pakar,1
kamus,palsuuuuuuuu,palsu,1
reduplikasi,panas2,panas-panas,1
reduplikasi,panas2an,panas-panasan,1
reduplikasi,pandang2an,pandang-pandangan,1
kamus,paraah,parah,1
kamus,parahhh,parah,1
reduplikasi,partai2,partai-partai,1
kamus,pebruari,februari,1
huruf_berulang,peeeaaa,pea,1
kamus,peeeeaaaaa,pea,1
reduplikasi,pegawai2,pegawai-pegawai,1
kamus,pegimane,bagaimana,1
reduplikasi,pejabat2,pejabat-pejabat,1
reduplikasi,pelan2,pelan-pelan,1
reduplikasi,pelatihan2,pelatihan-pelatihan,1
kamus,pemerkosaa,pemerkosa,1
reduplikasi,peminta2,peminta-peminta,1
kamus,penyusupppp,penyusup,1
reduplikasi,peraturan2,peraturan-peraturan,1
kamus,permasalhin,permasalahin,1
reduplikasi,personel2,personel-personel,1
reduplikasi,pertandingan2,pertandingan-pertandingan,1
reduplikasi,perundang2,perundang-perundang,1
reduplikasi,perundang2an,perundang-perundangan,1
huruf_berulang,perusahaaan,perusahaan,1
reduplikasi,pihak2,pihak-pihak,1
kamus,pikiiiiiiir,pikir,1
reduplikasi,pinggir2,pinggir-pinggir,1
reduplikasi,pintar2lah,pintar-pintarlah,1
reduplikasi,pinter2,pintar-pintar,1
reduplikasi,pion2,pion-pion,1
kamus,pjg,panjang,1
kamus,pleaseeee,please,1
kamus,pngen,ingin,1
kamus,pngn,ingin,1
kamus,pnyadap,penyadap,1
reduplikasi,poin2,poin-poin,1
reduplikasi,politik2an,politik-politikan,1
reduplikasi,politikus2,politikus-politikus,1
kamus,preeet,pret,1
kamus,preettt,pret,1
kamus,presidentku,presidenku,1
kamus,prettt,pret,1
kamus,prh,parah,1
reduplikasi,produk2,produk-produk,1
reduplikasi,program2,program-program,1
kamus,proprovokator,pro provokator,1
kamus,puaaaaas,puas,1
kamus,pwlit,pelit,1
kamus,qlo,kalau,1
kamus,qt,kita,1
kamus,ramaai,ramai,1
huruf_berulang+kamus,rameee,ramai,1
reduplikasi,rata2,rata-rata,1
reduplikasi,rokok2,rokok-rokok,1
reduplikasi,rokok2nya,rokok-rokoknya,1
reduplikasi,ruwet2,ruwet-ruwet,1
reduplikasi,salah2an,salah-salahan,1
huruf_berulang,salluuutttt,salut,1
kamus,samoe,sampai,1
kamus,sandiiiiii,sandi,1
reduplikasi,saudara2nya,saudara-saudaranya,1
kamus,sblah,sebelah,1
kamus,sblmnya,sebelumnya,1
kamus,sbnernya,sebenarnya,1
kamus,sbtr,sebentar,1
kamus,sdg,sedang,1
kamus,sdhlah,sudahlah,1
reduplikasi,seabreg2,seabreg-seabreg,1
reduplikasi,seakan2,seakan-seakan,1
kamus,sebag,sebagian,1
kamus,sebats,sebatang,1
kamus,sebnernya,sebenarnya,1
kamus,sebnrnya,sebenarnya,1
reduplikasi,segede2x,segede-segede,1
kamus,segeraaaaaaa,segera,1
reduplikasi,sehat2,sehat-sehat,1
reduplikasi,sekarang2x,sekarang-sekarang,1
kamus,sekarng,sekarang,1
reduplikasi,seminar2,seminar-seminar,1
kamus,sempt,sempet,1
reduplikasi,sendiri2,sendiri-sendiri,1
kamus,sendirii,sendiri,1
reduplikasi,sensor2,sensor-sensor,1
reduplikasi,serem2,serem-serem,1
reduplikasi,setengah2,setengah-setengah,1
kamus,setidakxa,setidaknya,1
kamus,setujuu,setuju,1
kamus,setujuuu,setuju,1
kamus,setujuuuuuuu,setuju,1
reduplikasi,sia2,sia-sia,1
reduplikasi,siang2,siang-siang,1
kamus,siangapore,singapore,1
kamus,sich,sih,1
reduplikasi,sifat2,sifat-sifat,1
kamus,sihh,sih,1
huruf_berulang,sihhh,sih,1
reduplikasi,sikut2an,sikut-sikutan,1
kamus,singapuraaaa,singapura,1
kamus,sippp,sip,1
kamus,siy,sih,1
kamus,sklian,sekalian,1
kamus,slah,salah,1
kamus,slanjutnya,selanjutnya,1
kamus,slisih,selisih,1
kamus,sll,selalu,1
kamus,sllu,selalu,1
kamus,slo,slow,1
kamus,smpai,sampai,1
kamus,smw,semua,1
kamus,sna,sana,1
kamus,sndri,sendiri,1
kamus,sopo,siapa,1
reduplikasi,spanduk2,spanduk-spanduk,1
kamus,spertinya,sepertinya,1
kamus,sponsorshipp,sponsorship,1
kamus,sprt,seperti,1
kamus,srby,surabaya,1
kamus,ssdh,sudah,1
reduplikasi,staf2,staf-staf,1
reduplikasi,statement2,statement-statement,1
reduplikasi,suci2,suci-suci,1
kamus,sudab,sudah,1
kamus,sudahlahhhh,sudahlah,1
kamus,sudaj,sudah,1
reduplikasi,sungguh2,sungguh-sungguh,1
kamus,surveyny,surveynya,1
kamus,syng,sayang,1
kamus,tabiatny,tabiatnya,1
kamus,taeekkkkkk,tai,1
reduplikasi,tahapan2,tahapan-tahapan,1
kamus,taik,tai,1
kamus,taw,tahu,1
reduplikasi,tayangan²,tayangan-tayangan,1
kamus,tdak,tidak,1
reduplikasi,tembak²,tembak-tembak,1
reduplikasi,terang2an,terang-terangan,1
reduplikasi,terbalik2,terbalik-terbalik,1
reduplikasi,terkatung2,terkatung-terkatung,1
kamus,terusss,terus,1
kamus,teruuuss,terus,1
kamus,teruuuus,terus,1
huruf_berulang,teruuuusss,terus,1
kamus,tgl,tanggal,1
reduplikasi,tidak2,tidak-tidak,1
reduplikasi,timpuk²,timpuk-timpuk,1
reduplikasi,tindakan2,tindakan-tindakan,1
kamus,tlonglah,tolonglah,1
kamus,tmpt,tempat,1
kamus,tmsk,termasuk,1
huruf_berulang,tobaaat,tobat,1
reduplikasi,toko2,toko-toko,1
kamus,tolg,tolong,1
kamus,tolooool,tolol,1
reduplikasi,tonjok2an,tonjok-tonjokan,1
kamus,trhdap,terhadap,1
kamus,trmasuk,termasuk,1
kamus,trnyta,ternyata,1
huruf_berulang+kamus,trusss,terus,1
kamus,ttng,tentang,1
kamus,tugasxa,tugasnya,1
kamus,tuhh,itu,1
kamus,tul,betul,1
reduplikasi,turnamen2,turnamen-turnamen,1
kamus,tuuuh,itu,1
reduplikasi,tv2,tv-tv,1
reduplikasi,uang2,uang-uang,1
kamus,udud,rokok,1
kamus,ug,juga,1
huruf_berulang,uiiiiii,uii,1
kamus,uintuk,untuk,1
reduplikasi,ujung2,ujung-ujung,1
reduplikasi,umbul2,umbul-umbul,1
huruf_berulang,uuud,uud,1
huruf_berulang,uuuenak,uenak,1
reduplikasi,viral2,viral-viral,1
kamus,waaah,wah,1
reduplikasi,wah2,wah-wah,1
kamus,wahhh,wah,1
kamus,wakacaw,wah kacau,1
tawa,wakaka,wkwk,1
tawa,wakakak,wkwk,1
tawa,wakakakakak,wkwk,1
tawa,wakakkakaa,wkwk,1
kamus,walo,walau,1
kamus,wanjayy,anjay,1
kamus,wanjirrrr,anjir,1
kamus,waraass,waras,1
reduplikasi,warung2,warung-warung,1
kamus,weeekkkkkkkkkkkkk,wek,1
kamus,wekekekekekekekekekekekekekekekek,wkwk,1
tawa,wkakaka,wkwk,1
tawa,wkkk,wkwk,1
tawa,wkkkk,wkwk,1
tawa,wkwkkwkkwk,wkwk,1
tawa,wkwkkwkwkkwkw,wkwk,1
tawa,wkwkwkkk,wkwk,1
tawa,wkwkwkkkk,wkwk,1
tawa,wkwkwkwkk,wkwk,1
tawa,wkwkwkwkw,wkwk,1
tawa,wkwkwkwkwkkw,wkwk,1
tawa,wkwkwkwkwkwk,wkwk,1
tawa,wkwkwkwkwkwwkkkk,wkwk,1
tawa,wkwkwkwkwwk,wkwk,1
tawa,wkwwkwkw,wkwk,1
huruf_berulang,wlehhhh,wleh,1
huruf_berulang,woiiii,woi,1
huruf_berulang,wooiii,woi,1
kamus,wowww,wow,1
kamus,woyy,woi,1
kamus,yaaaaaa,ya,1
huruf_berulang,yaaahh,yah,1
kamus,yeee,ye,1
kamus,yh,yah,1
kamus,yt,youtube,1
kamus,ytb,youtube,1
kamus,yusup,yusuf,1
kamus,yutup,youtube,1
kamus,zoonk,zonk,1
