id,text_raw,text_clean,orig_label,reason,duplicate_of
ANC-0066,:(,:(,1,C10_no_letters,
ANC-0214,:** ,:**,1,C10_no_letters,
ANC-0438,Manusia yang mukanya lebih ruwet dari sampah alias sampah masyarakat tukang nyinyir tp gaji DPR,Manusia yang mukanya lebih ruwet dari sampah alias sampah masyarakat tukang nyinyir tp gaji DPR,3,C11_duplicate,ANC-0436
ANC-0439,"kambuh lagi Fadli....jk ngak mau mahal lewat jalan biasa lebih lama dan jalan kurang lancar. Pesawat mahal ngeluhnya kok ke pemerintah, yg naikkan harga khan maskapai penerbangan...ampun fadli fadli lagi pula pemerintah dah berusaha dgn turunkan tarif harga batas atasnya. Tol mahal!! dibandingkan naik pesawat satu mobil misalnya 7 orang x 1,2 juta (contoh) ....tol mahal????? apa kata dunia","kambuh lagi Fadli....jk ngak mau mahal lewat jalan biasa lebih lama dan jalan kurang lancar. Pesawat mahal ngeluhnya kok ke pemerintah, yg naikkan harga khan maskapai penerbangan...ampun fadli fadli lagi pula pemerintah dah berusaha dgn turunkan tarif harga batas atasnya. Tol mahal!! dibandingkan naik pesawat satu mobil misalnya 7 orang x 1,2 juta (contoh) ....tol mahal????? apa kata dunia",1,C11_duplicate,ANC-0437
ANC-0479,Ya tinggal keluar dr jalan tol aja kalau gk mau bayar. Gt aja kok di ributin. Hahahaha,Ya tinggal keluar dr jalan tol aja kalau gk mau bayar. Gt aja kok di ributin. Hahahaha,1,C11_duplicate,ANC-0475
ANC-0485,1111,1111,1,C10_no_letters,
ANC-0639,"‚Å£kalau tidak viral, lanjut terus..sungguh keji mendoktrin anak-anak kecil dgn faham khilafah/hti, terbukti berencana makar melawan pemerintah yg syah dgn gerbong khilafah nya/hti yg sdh di nyatakan sbg organisasi terlarang, dprd harus pecat anis !!","kalau tidak viral, lanjut terus..sungguh keji mendoktrin anak-anak kecil dgn faham khilafah/hti, terbukti berencana makar melawan pemerintah yg syah dgn gerbong khilafah nya/hti yg sdh di nyatakan sbg organisasi terlarang, dprd harus pecat anis !!",1,C11_duplicate,ANC-0614
ANC-0672,1 + 1 = 0,1 + 1 = 0,1,C10_no_letters,
ANC-0716,1 + 1 = 2,1 + 1 = 2,1,C10_no_letters,
ANC-0900,yg Punya aja gak ambil pusing..... masih hobi foya foya,yg Punya aja gak ambil pusing..... masih hobi foya foya,1,C11_duplicate,ANC-0899
ANC-1106,didalem KPK,didalem KPK,1,C11_duplicate,ANC-1024
ANC-1458,"Ya ana dimaklumi
mayoritas kan emang ngacengan",Ya ana dimaklumi mayoritas kan emang ngacengan,2,C11_duplicate,ANC-1396
ANC-1669,"Salah satu contoh yg kongkrit didepan mata masih byk anak2 terlantar diluar sana jadi pemulung, peminta2 ataupun yg hidup dari kata layak apakah KPAI sudah mengurusi mereka mereka itu ? Gak heran kalau Indonesia makin tertinggal dari negara2 lain krn terlalu byk yg kritik tp tdk memberikan solusi. ","Salah satu contoh yg kongkrit didepan mata masih byk anak2 terlantar diluar sana jadi pemulung, peminta2 ataupun yg hidup dari kata layak apakah KPAI sudah mengurusi mereka mereka itu ? Gak heran kalau Indonesia makin tertinggal dari negara2 lain krn terlalu byk yg kritik tp tdk memberikan solusi.",1,C11_duplicate,ANC-1666
ANC-1776,"Semoga diberi kemudahan Jangan sampai mimpi anak bangsa menjadi atlit bulu tangkis sirna, dan malah stres sehingga pake narkoba dan ke hal-hal buruk lainnya Aamiin ","Semoga diberi kemudahan Jangan sampai mimpi anak bangsa menjadi atlit bulu tangkis sirna, dan malah stres sehingga pake narkoba dan ke hal-hal buruk lainnya Aamiin",1,C11_duplicate,ANC-1775
ANC-1805,#bubarkanKPAI,#bubarkanKPAI,1,C11_duplicate,ANC-1276
ANC-1831,PB djarum bukan produk rokok! #BubarkanKPAI,PB djarum bukan produk rokok! #BubarkanKPAI,1,C11_duplicate,ANC-1830
ANC-1842,#bubarkankpai,#bubarkankpai,1,C11_duplicate,ANC-1276
ANC-1880,#BUBARKANKPAI,#BUBARKANKPAI,1,C11_duplicate,ANC-1276
ANC-1903,#BUBARKANKPAI,#BUBARKANKPAI,1,C11_duplicate,ANC-1276
ANC-1935,#bubarkanKPAi,#bubarkanKPAi,1,C11_duplicate,ANC-1276
ANC-2000,#BUBARKANKPAI,#BUBARKANKPAI,1,C11_duplicate,ANC-1276
ANC-2089,"%u2063yg punya hak penyadapan itu bukan cm kpk ada instansi lainnya, tetapi  kok ngotot bngt mau ngatur penyadapan KPK ini lewat Dewas buat KPK. klo mau adil  perlakukan hal yg sama juga ke instansi lain, sdh dilakukan belum??? ah  kayanya kepikiran juga enggak kayanya.... Terlalu kentara Bos apa yg ada  di dalam BAKWAN ini ","yg punya hak penyadapan itu bukan cm kpk ada instansi lainnya, tetapi kok ngotot bngt mau ngatur penyadapan KPK ini lewat Dewas buat KPK. klo mau adil perlakukan hal yg sama juga ke instansi lain, sdh dilakukan belum??? ah kayanya kepikiran juga enggak kayanya.... Terlalu kentara Bos apa yg ada di dalam BAKWAN ini",1,C11_duplicate,ANC-2081
ANC-2280,#BubarkanKPAI,#BubarkanKPAI,1,C11_duplicate,ANC-1276
ANC-2456,#bubarkankpai,#bubarkankpai,1,C11_duplicate,ANC-1276
ANC-2644,#BubarkanKPAI,#BubarkanKPAI,1,C11_duplicate,ANC-1276
ANC-2692,#BubarkanKPI,#BubarkanKPI,1,C11_duplicate,ANC-1696
ANC-3002,Macam betul aja lu.. Perusahaan lain mana yg mo jor jor an kaya jarum..ÔøΩ,Macam betul aja lu.. Perusahaan lain mana yg mo jor jor an kaya jarum..,1,C11_duplicate,ANC-2674
