id,thread,strata,split_group,annotator,is_pilot
ANC-1123,1,umum,overlap,ABC,False
ANC-1124,1,abusif,overlap,ABC,False
ANC-1128,1,umum,overlap,ABC,False
ANC-1129,1,umum,overlap,ABC,False
ANC-1131,1,umum,overlap,ABC,False
ANC-1132,1,umum,overlap,ABC,False
ANC-1133,1,umum,overlap,ABC,True
ANC-1134,1,umum,overlap,ABC,False
ANC-1135,1,umum,overlap,ABC,False
ANC-1136,1,umum,overlap,ABC,False
ANC-1137,1,abusif,overlap,ABC,False
ANC-1140,1,langka,overlap,ABC,False
ANC-1141,1,umum,overlap,ABC,False
ANC-1142,1,umum,overlap,ABC,False
ANC-1143,1,langka,overlap,ABC,False
ANC-1145,1,umum,overlap,ABC,False
ANC-1146,1,umum,overlap,ABC,False
ANC-1149,1,langka,overlap,ABC,False
ANC-1150,1,umum,overlap,ABC,False
ANC-1152,1,umum,overlap,ABC,False
ANC-1153,1,umum,overlap,ABC,False
ANC-1154,1,umum,overlap,ABC,False
ANC-1155,1,umum,overlap,ABC,False
ANC-1156,1,umum,overlap,ABC,False
ANC-1157,1,abusif,overlap,ABC,False
ANC-1159,1,umum,overlap,ABC,False
ANC-1160,1,umum,overlap,ABC,False
ANC-1162,1,umum,overlap,ABC,False
ANC-1163,1,umum,overlap,ABC,False
ANC-1164,1,umum,overlap,ABC,False
ANC-1165,1,abusif,overlap,ABC,False
ANC-1166,1,langka,overlap,ABC,False
ANC-1167,1,umum,overlap,ABC,False
ANC-1170,1,umum,overlap,ABC,False
ANC-1171,1,umum,overlap,ABC,False
ANC-1173,1,umum,overlap,ABC,False
ANC-1174,1,umum,overlap,ABC,False
ANC-1175,1,abusif,overlap,ABC,False
ANC-1176,1,umum,overlap,ABC,False
ANC-1177,1,umum,overlap,ABC,False
ANC-1179,1,umum,overlap,ABC,False
ANC-1180,1,abusif,overlap,ABC,False
ANC-1181,1,langka,overlap,ABC,False
ANC-1183,1,umum,overlap,ABC,False
ANC-1185,1,langka,overlap,ABC,True
ANC-1186,1,umum,overlap,ABC,False
ANC-1188,1,langka,overlap,ABC,False
ANC-1189,1,umum,overlap,ABC,False
ANC-1191,1,abusif,overlap,ABC,False
ANC-1192,1,umum,overlap,ABC,False
ANC-1193,1,umum,overlap,ABC,False
ANC-1194,1,langka,overlap,ABC,False
ANC-1197,1,abusif,overlap,ABC,False
ANC-1199,1,abusif,overlap,ABC,False
ANC-1202,1,umum,overlap,ABC,False
ANC-1204,1,abusif,overlap,ABC,False
ANC-1205,1,umum,overlap,ABC,False
ANC-1206,1,umum,overlap,ABC,False
ANC-1207,1,umum,overlap,ABC,False
ANC-1208,1,umum,overlap,ABC,False
ANC-1209,1,abusif,overlap,ABC,False
ANC-1210,1,abusif,overlap,ABC,False
ANC-1211,1,umum,overlap,ABC,False
ANC-1212,1,langka,overlap,ABC,False
ANC-1213,1,umum,overlap,ABC,False
ANC-1214,1,umum,overlap,ABC,False
ANC-1217,1,abusif,overlap,ABC,False
ANC-1218,1,abusif,overlap,ABC,False
ANC-1219,1,umum,overlap,ABC,False
ANC-1222,1,abusif,overlap,ABC,True
ANC-1223,1,umum,overlap,ABC,False
ANC-1224,1,umum,overlap,ABC,False
ANC-1225,1,abusif,overlap,ABC,True
ANC-1226,1,abusif,overlap,ABC,False
ANC-1227,1,umum,overlap,ABC,False
ANC-1228,1,abusif,overlap,ABC,False
ANC-1230,1,umum,overlap,ABC,False
ANC-1231,1,umum,overlap,ABC,False
ANC-1233,1,abusif,overlap,ABC,False
ANC-1234,1,umum,overlap,ABC,False
ANC-1235,1,langka,overlap,ABC,False
ANC-1236,1,umum,overlap,ABC,False
ANC-1244,1,langka,overlap,ABC,True
ANC-1245,1,langka,overlap,ABC,False
ANC-1247,1,abusif,overlap,ABC,False
ANC-1248,1,umum,overlap,ABC,False
ANC-1249,1,umum,overlap,ABC,False
ANC-1250,1,umum,overlap,ABC,False
ANC-1251,1,umum,overlap,ABC,False
ANC-1252,1,umum,overlap,ABC,False
ANC-1254,1,abusif,overlap,ABC,False
ANC-1256,1,umum,overlap,ABC,False
ANC-1257,1,umum,overlap,ABC,False
ANC-1258,1,abusif,overlap,ABC,False
ANC-1262,1,abusif,overlap,ABC,False
ANC-1266,1,umum,overlap,ABC,False
ANC-1267,1,umum,overlap,ABC,False
ANC-1268,1,langka,overlap,ABC,False
ANC-1269,1,umum,overlap,ABC,False
ANC-1271,1,umum,overlap,ABC,False
ANC-1273,1,abusif,overlap,ABC,False
ANC-1274,1,abusif,overlap,ABC,False
ANC-1275,1,abusif,overlap,ABC,False
ANC-1277,1,umum,overlap,ABC,False
ANC-1279,1,umum,overlap,ABC,False
ANC-1280,1,langka,overlap,ABC,False
ANC-1283,1,umum,overlap,ABC,False
ANC-1284,1,abusif,overlap,ABC,False
ANC-1285,1,abusif,overlap,ABC,False
ANC-1287,1,umum,overlap,ABC,False
ANC-1288,1,umum,overlap,ABC,False
ANC-1290,1,umum,overlap,ABC,False
ANC-1292,1,umum,overlap,ABC,False
ANC-1293,1,langka,overlap,ABC,False
ANC-1294,1,umum,overlap,ABC,False
ANC-1295,1,umum,overlap,ABC,False
ANC-1297,1,abusif,overlap,ABC,False
ANC-1300,1,abusif,overlap,ABC,False
ANC-1599,2,abusif,overlap,ABC,False
ANC-1600,2,umum,overlap,ABC,False
ANC-1602,2,abusif,overlap,ABC,False
ANC-1604,2,umum,overlap,ABC,False
ANC-1606,2,umum,overlap,ABC,False
ANC-1608,2,umum,overlap,ABC,False
ANC-1609,2,umum,overlap,ABC,False
ANC-1610,2,umum,overlap,ABC,False
ANC-1611,2,langka,overlap,ABC,False
ANC-1612,2,langka,overlap,ABC,False
ANC-1614,2,abusif,overlap,ABC,False
ANC-1615,2,langka,overlap,ABC,False
ANC-1618,2,umum,overlap,ABC,False
ANC-1619,2,langka,overlap,ABC,False
ANC-1621,2,umum,overlap,ABC,False
ANC-1622,2,umum,overlap,ABC,False
ANC-1623,2,umum,overlap,ABC,False
ANC-1624,2,umum,overlap,ABC,False
ANC-1625,2,umum,overlap,ABC,False
ANC-1626,2,umum,overlap,ABC,False
ANC-1627,2,langka,overlap,ABC,False
ANC-1628,2,umum,overlap,ABC,False
ANC-1629,2,umum,overlap,ABC,False
ANC-1630,2,langka,overlap,ABC,False
ANC-1632,2,umum,overlap,ABC,False
ANC-1633,2,umum,overlap,ABC,False
ANC-1634,2,umum,overlap,ABC,False
ANC-1635,2,abusif,overlap,ABC,False
ANC-1636,2,langka,overlap,ABC,False
ANC-1639,2,umum,overlap,ABC,False
ANC-1640,2,umum,overlap,ABC,False
ANC-1641,2,umum,overlap,ABC,True
ANC-1642,2,umum,overlap,ABC,False
ANC-1643,2,umum,overlap,ABC,False
ANC-1646,2,umum,overlap,ABC,False
ANC-1649,2,umum,overlap,ABC,False
ANC-1650,2,umum,overlap,ABC,False
ANC-1652,2,umum,overlap,ABC,False
ANC-1655,2,umum,overlap,ABC,False
ANC-1656,2,umum,overlap,ABC,False
ANC-1657,2,umum,overlap,ABC,False
ANC-1658,2,umum,overlap,ABC,False
ANC-1659,2,langka,overlap,ABC,False
ANC-1660,2,langka,overlap,ABC,False
ANC-1661,2,umum,overlap,ABC,False
ANC-1666,2,umum,overlap,ABC,False
ANC-1667,2,umum,overlap,ABC,False
ANC-1668,2,umum,overlap,ABC,False
ANC-1670,2,umum,overlap,ABC,False
ANC-1671,2,langka,overlap,ABC,False
ANC-1673,2,umum,overlap,ABC,False
ANC-1674,2,umum,overlap,ABC,False
ANC-1677,2,umum,overlap,ABC,False
ANC-1678,2,umum,overlap,ABC,False
ANC-1680,2,langka,overlap,ABC,False
ANC-1681,2,langka,overlap,ABC,True
ANC-1682,2,umum,overlap,ABC,False
ANC-1683,2,langka,overlap,ABC,False
ANC-1684,2,abusif,overlap,ABC,False
ANC-1688,2,umum,overlap,ABC,False
ANC-1689,2,umum,overlap,ABC,False
ANC-1690,2,umum,overlap,ABC,False
ANC-1691,2,umum,overlap,ABC,False
ANC-1692,2,abusif,overlap,ABC,False
ANC-1693,2,umum,overlap,ABC,False
ANC-1694,2,umum,overlap,ABC,False
ANC-1695,2,umum,overlap,ABC,False
ANC-1696,2,umum,overlap,ABC,False
ANC-1698,2,umum,overlap,ABC,False
ANC-1699,2,umum,overlap,ABC,False
ANC-1703,2,umum,overlap,ABC,False
ANC-1704,2,umum,overlap,ABC,False
ANC-1705,2,umum,overlap,ABC,False
ANC-1708,2,abusif,overlap,ABC,False
ANC-1709,2,umum,overlap,ABC,False
ANC-1710,2,langka,overlap,ABC,False
ANC-1711,2,langka,overlap,ABC,False
ANC-1712,2,umum,overlap,ABC,False
ANC-1714,2,abusif,overlap,ABC,False
ANC-1715,2,umum,overlap,ABC,False
ANC-1716,2,umum,overlap,ABC,False
ANC-1717,2,abusif,overlap,ABC,False
ANC-1718,2,langka,overlap,ABC,False
ANC-1720,2,abusif,overlap,ABC,False
ANC-1721,2,abusif,overlap,ABC,False
ANC-1722,2,umum,overlap,ABC,False
ANC-1723,2,umum,overlap,ABC,False
ANC-1726,2,abusif,overlap,ABC,False
ANC-1729,2,umum,overlap,ABC,True
ANC-1731,2,umum,overlap,ABC,True
ANC-1732,2,langka,overlap,ABC,False
ANC-1733,2,umum,overlap,ABC,False
ANC-1734,2,langka,overlap,ABC,False
ANC-1736,2,abusif,overlap,ABC,False
ANC-1737,2,umum,overlap,ABC,False
ANC-1738,2,umum,overlap,ABC,False
ANC-1739,2,umum,overlap,ABC,False
ANC-1740,2,langka,overlap,ABC,False
ANC-1742,2,umum,overlap,ABC,False
ANC-1743,2,umum,overlap,ABC,False
ANC-1744,2,umum,overlap,ABC,False
ANC-1745,2,langka,overlap,ABC,False
ANC-1746,2,umum,overlap,ABC,False
ANC-1747,2,abusif,overlap,ABC,False
ANC-1748,2,langka,overlap,ABC,False
ANC-1750,2,umum,overlap,ABC,True
ANC-1751,2,abusif,overlap,ABC,False
ANC-1752,2,umum,overlap,ABC,False
ANC-1754,2,langka,overlap,ABC,False
ANC-1755,2,umum,overlap,ABC,False
ANC-1757,2,umum,overlap,ABC,False
ANC-1758,2,langka,overlap,ABC,True
ANC-1759,2,umum,overlap,ABC,False
ANC-1761,2,umum,overlap,ABC,False
ANC-1762,2,abusif,overlap,ABC,False
ANC-1765,2,umum,overlap,ABC,False
ANC-1767,2,umum,overlap,ABC,False
ANC-1769,2,abusif,overlap,ABC,False
ANC-1773,2,umum,overlap,ABC,False
ANC-1774,2,abusif,overlap,ABC,False
ANC-1775,2,umum,overlap,ABC,False
ANC-1778,2,umum,overlap,ABC,False
ANC-1779,2,abusif,overlap,ABC,False
ANC-1780,2,umum,overlap,ABC,False
ANC-1782,2,abusif,overlap,ABC,False
ANC-1783,2,umum,overlap,ABC,False
ANC-1785,2,umum,overlap,ABC,False
ANC-1786,2,umum,overlap,ABC,False
ANC-1787,2,umum,overlap,ABC,False
ANC-1791,2,umum,overlap,ABC,False
ANC-1793,2,abusif,overlap,ABC,False
ANC-1795,2,umum,overlap,ABC,False
ANC-1796,2,umum,overlap,ABC,False
ANC-1798,2,abusif,overlap,ABC,False
ANC-1799,2,abusif,overlap,ABC,False
ANC-1801,2,umum,overlap,ABC,False
ANC-1802,2,umum,overlap,ABC,False
ANC-1803,2,abusif,overlap,ABC,False
ANC-1804,2,umum,overlap,ABC,False
ANC-1806,2,umum,overlap,ABC,False
ANC-1807,2,umum,overlap,ABC,False
ANC-1808,2,umum,overlap,ABC,False
ANC-1809,2,langka,overlap,ABC,False
ANC-1810,2,abusif,overlap,ABC,False
ANC-1814,2,langka,overlap,ABC,False
ANC-1815,2,langka,overlap,ABC,False
ANC-1816,2,umum,overlap,ABC,False
ANC-1817,2,umum,overlap,ABC,False
ANC-1820,2,umum,overlap,ABC,False
ANC-1821,2,abusif,overlap,ABC,False
ANC-1822,2,umum,overlap,ABC,False
ANC-1824,2,langka,overlap,ABC,False
ANC-1825,2,umum,overlap,ABC,False
ANC-1827,2,langka,overlap,ABC,False
ANC-1830,2,umum,overlap,ABC,False
ANC-1832,2,umum,overlap,ABC,False
ANC-1833,2,abusif,overlap,ABC,False
ANC-1834,2,abusif,overlap,ABC,False
ANC-1835,2,abusif,overlap,ABC,False
ANC-1836,2,abusif,overlap,ABC,False
ANC-1837,2,umum,overlap,ABC,False
ANC-1838,2,langka,overlap,ABC,False
ANC-1839,2,abusif,overlap,ABC,False
ANC-1840,2,umum,overlap,ABC,False
ANC-1841,2,umum,overlap,ABC,False
ANC-1843,2,umum,overlap,ABC,False
ANC-1846,2,umum,overlap,ABC,False
ANC-1847,2,umum,overlap,ABC,False
ANC-1848,2,langka,overlap,ABC,False
ANC-1851,2,umum,overlap,ABC,False
ANC-1852,2,abusif,overlap,ABC,False
ANC-1855,2,umum,overlap,ABC,False
ANC-1856,2,abusif,overlap,ABC,False
ANC-1859,2,umum,overlap,ABC,False
ANC-1861,2,abusif,overlap,ABC,False
ANC-1862,2,umum,overlap,ABC,False
ANC-1863,2,abusif,overlap,ABC,False
ANC-1864,2,langka,overlap,ABC,False
ANC-1865,2,langka,overlap,ABC,False
ANC-1866,2,umum,overlap,ABC,False
ANC-1867,2,umum,overlap,ABC,False
ANC-1868,2,abusif,overlap,ABC,False
ANC-1870,2,umum,overlap,ABC,False
ANC-1872,2,umum,overlap,ABC,False
ANC-1873,2,umum,overlap,ABC,False
ANC-1874,2,umum,overlap,ABC,False
ANC-1875,2,umum,overlap,ABC,False
ANC-1877,2,abusif,overlap,ABC,False
ANC-1878,2,langka,overlap,ABC,False
ANC-1879,2,umum,overlap,ABC,False
ANC-1881,2,umum,overlap,ABC,False
ANC-1882,2,umum,overlap,ABC,False
ANC-1884,2,umum,overlap,ABC,False
ANC-1885,2,umum,overlap,ABC,False
ANC-1886,2,umum,overlap,ABC,False
ANC-1887,2,umum,overlap,ABC,False
ANC-1888,2,abusif,overlap,ABC,False
ANC-1889,2,umum,overlap,ABC,False
ANC-1890,2,umum,overlap,ABC,False
ANC-1892,2,langka,overlap,ABC,False
ANC-1895,2,abusif,overlap,ABC,False
ANC-1896,2,umum,overlap,ABC,False
ANC-1898,2,umum,overlap,ABC,False
ANC-1899,2,abusif,overlap,ABC,False
ANC-1904,2,langka,overlap,ABC,False
ANC-1905,2,umum,overlap,ABC,False
ANC-1908,2,umum,overlap,ABC,False
ANC-1911,2,umum,overlap,ABC,False
ANC-1912,2,langka,overlap,ABC,False
ANC-1915,2,umum,overlap,ABC,False
ANC-1916,2,abusif,overlap,ABC,False
ANC-1919,2,abusif,overlap,ABC,False
ANC-1921,2,langka,overlap,ABC,False
ANC-1925,2,umum,overlap,ABC,False
ANC-1926,2,umum,overlap,ABC,False
ANC-1928,2,langka,overlap,ABC,False
ANC-1929,2,umum,overlap,ABC,False
ANC-1931,2,langka,overlap,ABC,False
ANC-1932,2,umum,overlap,ABC,False
ANC-1933,2,langka,overlap,ABC,False
ANC-1934,2,abusif,overlap,ABC,False
ANC-1937,2,langka,overlap,ABC,False
ANC-1939,2,umum,overlap,ABC,False
ANC-1940,2,umum,overlap,ABC,False
ANC-1941,2,umum,overlap,ABC,False
ANC-1942,2,umum,overlap,ABC,True
ANC-1944,2,abusif,overlap,ABC,False
ANC-1945,2,umum,overlap,ABC,False
ANC-1946,2,umum,overlap,ABC,False
ANC-1954,2,umum,overlap,ABC,False
ANC-1956,2,umum,overlap,ABC,True
ANC-1958,2,abusif,overlap,ABC,False
ANC-1960,2,langka,overlap,ABC,False
ANC-1961,2,langka,overlap,ABC,False
ANC-1962,2,umum,overlap,ABC,False
ANC-1963,2,umum,overlap,ABC,False
ANC-1964,2,umum,overlap,ABC,False
ANC-1965,2,umum,overlap,ABC,False
ANC-1967,2,umum,overlap,ABC,False
ANC-1968,2,umum,overlap,ABC,False
ANC-1969,2,umum,overlap,ABC,False
ANC-1970,2,umum,overlap,ABC,False
ANC-1974,2,umum,overlap,ABC,False
ANC-1975,2,umum,overlap,ABC,False
ANC-1976,2,umum,overlap,ABC,False
ANC-1977,2,umum,overlap,ABC,False
ANC-1978,2,umum,overlap,ABC,False
ANC-1981,2,umum,overlap,ABC,False
ANC-1985,2,abusif,overlap,ABC,False
ANC-1987,2,langka,overlap,ABC,False
ANC-1988,2,umum,overlap,ABC,False
ANC-1990,2,umum,overlap,ABC,False
ANC-1992,2,umum,overlap,ABC,False
ANC-1993,2,langka,overlap,ABC,False
ANC-1995,2,umum,overlap,ABC,False
ANC-1996,2,umum,overlap,ABC,False
ANC-1997,2,abusif,overlap,ABC,False
ANC-1998,2,umum,overlap,ABC,False
ANC-1999,2,umum,overlap,ABC,False
ANC-2001,2,umum,overlap,ABC,True
ANC-2003,2,abusif,overlap,ABC,False
ANC-2005,2,umum,overlap,ABC,False
ANC-2006,2,abusif,overlap,ABC,True
ANC-2007,2,umum,overlap,ABC,False
ANC-2243,3,abusif,overlap,ABC,True
ANC-2244,3,abusif,overlap,ABC,False
ANC-2246,3,umum,overlap,ABC,False
ANC-2247,3,umum,overlap,ABC,False
ANC-2248,3,umum,overlap,ABC,False
ANC-2250,3,umum,overlap,ABC,False
ANC-2251,3,umum,overlap,ABC,False
ANC-2252,3,langka,overlap,ABC,False
ANC-2254,3,langka,overlap,ABC,False
ANC-2257,3,umum,overlap,ABC,False
ANC-2259,3,umum,overlap,ABC,False
ANC-2260,3,umum,overlap,ABC,False
ANC-2261,3,umum,overlap,ABC,False
ANC-2263,3,umum,overlap,ABC,False
ANC-2264,3,umum,overlap,ABC,True
ANC-2266,3,umum,overlap,ABC,False
ANC-2267,3,langka,overlap,ABC,False
ANC-2268,3,umum,overlap,ABC,False
ANC-2269,3,umum,overlap,ABC,False
ANC-2271,3,umum,overlap,ABC,False
ANC-2272,3,langka,overlap,ABC,True
ANC-2274,3,umum,overlap,ABC,False
ANC-2275,3,umum,overlap,ABC,False
ANC-2276,3,umum,overlap,ABC,False
ANC-2278,3,langka,overlap,ABC,False
ANC-2279,3,abusif,overlap,ABC,False
ANC-2281,3,umum,overlap,ABC,False
ANC-2282,3,umum,overlap,ABC,True
ANC-2283,3,umum,overlap,ABC,False
ANC-2284,3,umum,overlap,ABC,True
ANC-2287,3,umum,overlap,ABC,False
ANC-2289,3,umum,overlap,ABC,False
ANC-2290,3,langka,overlap,ABC,False
ANC-2292,3,umum,overlap,ABC,False
ANC-2296,3,umum,overlap,ABC,False
ANC-2297,3,umum,overlap,ABC,False
ANC-2298,3,langka,overlap,ABC,False
ANC-2299,3,umum,overlap,ABC,False
ANC-2301,3,abusif,overlap,ABC,False
ANC-2302,3,umum,overlap,ABC,False
ANC-2303,3,umum,overlap,ABC,False
ANC-2304,3,umum,overlap,ABC,False
ANC-2306,3,umum,overlap,ABC,True
ANC-2307,3,umum,overlap,ABC,False
ANC-2309,3,umum,overlap,ABC,False
ANC-2310,3,langka,overlap,ABC,False
ANC-2311,3,umum,overlap,ABC,False
ANC-2312,3,langka,overlap,ABC,False
ANC-2313,3,abusif,overlap,ABC,False
ANC-2314,3,umum,overlap,ABC,False
ANC-2316,3,umum,overlap,ABC,False
ANC-2317,3,langka,overlap,ABC,False
ANC-2318,3,umum,overlap,ABC,False
ANC-2319,3,umum,overlap,ABC,False
ANC-2322,3,umum,overlap,ABC,False
ANC-2323,3,langka,overlap,ABC,False
ANC-2325,3,umum,overlap,ABC,False
ANC-2326,3,langka,overlap,ABC,False
ANC-2327,3,umum,overlap,ABC,False
ANC-2328,3,umum,overlap,ABC,False
ANC-2330,3,abusif,overlap,ABC,False
ANC-2332,3,umum,overlap,ABC,False
ANC-2334,3,umum,overlap,ABC,False
ANC-2338,3,abusif,overlap,ABC,False
ANC-2339,3,umum,overlap,ABC,False
ANC-2341,3,umum,overlap,ABC,False
ANC-2343,3,umum,overlap,ABC,False
ANC-2344,3,umum,overlap,ABC,False
ANC-2346,3,umum,overlap,ABC,False
ANC-2349,3,umum,overlap,ABC,False
ANC-2350,3,umum,overlap,ABC,False
ANC-2351,3,umum,overlap,ABC,True
ANC-2354,3,langka,overlap,ABC,False
ANC-2355,3,umum,overlap,ABC,False
ANC-2356,3,umum,overlap,ABC,False
ANC-2358,3,langka,overlap,ABC,False
ANC-2361,3,langka,overlap,ABC,False
ANC-2362,3,umum,overlap,ABC,False
ANC-2363,3,umum,overlap,ABC,False
ANC-2366,3,umum,overlap,ABC,False
ANC-2367,3,umum,overlap,ABC,False
ANC-2368,3,umum,overlap,ABC,False
ANC-2369,3,umum,overlap,ABC,True
ANC-2371,3,umum,overlap,ABC,False
ANC-2373,3,umum,overlap,ABC,False
ANC-2374,3,umum,overlap,ABC,False
ANC-2375,3,langka,overlap,ABC,False
ANC-2377,3,umum,overlap,ABC,False
ANC-2378,3,langka,overlap,ABC,False
ANC-2379,3,umum,overlap,ABC,False
ANC-2381,3,umum,overlap,ABC,False
ANC-2382,3,umum,overlap,ABC,True
ANC-2385,3,umum,overlap,ABC,False
ANC-2389,3,umum,overlap,ABC,True
ANC-2390,3,umum,overlap,ABC,False
ANC-2392,3,abusif,overlap,ABC,False
ANC-2393,3,umum,overlap,ABC,False
ANC-2394,3,umum,overlap,ABC,False
ANC-2395,3,umum,overlap,ABC,False
ANC-2397,3,umum,overlap,ABC,False
ANC-2398,3,umum,overlap,ABC,False
ANC-2399,3,umum,overlap,ABC,False
ANC-2400,3,langka,overlap,ABC,False
ANC-2401,3,umum,overlap,ABC,False
ANC-2402,3,umum,overlap,ABC,False
ANC-2405,3,abusif,overlap,ABC,False
ANC-2407,3,umum,overlap,ABC,False
ANC-2408,3,umum,overlap,ABC,False
ANC-2409,3,umum,overlap,ABC,True
ANC-2410,3,umum,overlap,ABC,False
ANC-2411,3,umum,overlap,ABC,False
ANC-2412,3,umum,overlap,ABC,False
ANC-2413,3,umum,overlap,ABC,False
ANC-2414,3,umum,overlap,ABC,False
ANC-2415,3,abusif,overlap,ABC,False
ANC-2416,3,abusif,overlap,ABC,False
ANC-2421,3,abusif,overlap,ABC,False
ANC-2422,3,umum,overlap,ABC,False
ANC-2423,3,umum,overlap,ABC,False
ANC-2425,3,umum,overlap,ABC,False
ANC-2427,3,umum,overlap,ABC,False
ANC-2428,3,umum,overlap,ABC,False
ANC-2430,3,langka,overlap,ABC,False
ANC-2431,3,abusif,overlap,ABC,False
ANC-2432,3,umum,overlap,ABC,False
ANC-2433,3,umum,overlap,ABC,False
ANC-2434,3,umum,overlap,ABC,False
ANC-2435,3,langka,overlap,ABC,False
ANC-2436,3,langka,overlap,ABC,False
ANC-2437,3,umum,overlap,ABC,False
ANC-2438,3,abusif,overlap,ABC,False
ANC-2439,3,umum,overlap,ABC,False
ANC-2441,3,abusif,overlap,ABC,False
ANC-2442,3,umum,overlap,ABC,False
ANC-2445,3,langka,overlap,ABC,False
ANC-2446,3,umum,overlap,ABC,False
ANC-2447,3,langka,overlap,ABC,False
ANC-2449,3,umum,overlap,ABC,False
ANC-2452,3,umum,overlap,ABC,False
ANC-2454,3,umum,overlap,ABC,False
ANC-2455,3,abusif,overlap,ABC,False
ANC-2457,3,langka,overlap,ABC,False
ANC-2458,3,langka,overlap,ABC,False
ANC-2459,3,umum,overlap,ABC,False
ANC-2462,3,umum,overlap,ABC,False
ANC-2463,3,umum,overlap,ABC,False
ANC-2466,3,umum,overlap,ABC,False
ANC-2468,3,umum,overlap,ABC,False
ANC-2470,3,umum,overlap,ABC,False
ANC-2471,3,abusif,overlap,ABC,False
ANC-2472,3,langka,overlap,ABC,False
ANC-2473,3,abusif,overlap,ABC,False
ANC-2474,3,umum,overlap,ABC,False
ANC-2475,3,umum,overlap,ABC,False
ANC-2477,3,umum,overlap,ABC,False
ANC-2478,3,umum,overlap,ABC,False
ANC-2479,3,abusif,overlap,ABC,False
ANC-2484,3,umum,overlap,ABC,False
ANC-2486,3,umum,overlap,ABC,False
ANC-2488,3,umum,overlap,ABC,False
ANC-2489,3,umum,overlap,ABC,False
ANC-2490,3,umum,overlap,ABC,False
ANC-2491,3,langka,overlap,ABC,False
ANC-2492,3,umum,overlap,ABC,False
ANC-2494,3,abusif,overlap,ABC,False
ANC-2495,3,langka,overlap,ABC,False
ANC-2496,3,umum,overlap,ABC,False
ANC-2499,3,abusif,overlap,ABC,False
ANC-2501,3,umum,overlap,ABC,False
ANC-2503,3,umum,overlap,ABC,False
ANC-2504,3,umum,overlap,ABC,False
ANC-2505,3,umum,overlap,ABC,False
ANC-2506,3,umum,overlap,ABC,False
ANC-2507,3,umum,overlap,ABC,False
ANC-2509,3,umum,overlap,ABC,False
ANC-2511,3,umum,overlap,ABC,False
ANC-2514,3,umum,overlap,ABC,False
ANC-2516,3,umum,overlap,ABC,False
ANC-2520,3,umum,overlap,ABC,False
ANC-2521,3,umum,overlap,ABC,True
ANC-2523,3,umum,overlap,ABC,False
ANC-2526,3,umum,overlap,ABC,False
ANC-2527,3,umum,overlap,ABC,False
ANC-2529,3,umum,overlap,ABC,False
ANC-2532,3,langka,overlap,ABC,False
ANC-2534,3,umum,overlap,ABC,False
ANC-2536,3,umum,overlap,ABC,False
ANC-2537,3,umum,overlap,ABC,False
ANC-2539,3,umum,overlap,ABC,False
ANC-2540,3,umum,overlap,ABC,False
ANC-2541,3,umum,overlap,ABC,False
ANC-2542,3,umum,overlap,ABC,False
ANC-2544,3,umum,overlap,ABC,False
ANC-2545,3,umum,overlap,ABC,False
ANC-2546,3,langka,overlap,ABC,False
ANC-2554,3,umum,overlap,ABC,False
ANC-2558,3,umum,overlap,ABC,False
ANC-2559,3,umum,overlap,ABC,False
ANC-2560,3,umum,overlap,ABC,False
ANC-2561,3,umum,overlap,ABC,False
ANC-2562,3,langka,overlap,ABC,False
ANC-2564,3,umum,overlap,ABC,False
ANC-2565,3,umum,overlap,ABC,False
ANC-2567,3,umum,overlap,ABC,False
ANC-2568,3,umum,overlap,ABC,False
ANC-2569,3,umum,overlap,ABC,False
ANC-2570,3,langka,overlap,ABC,False
ANC-2573,3,umum,overlap,ABC,False
ANC-2574,3,umum,overlap,ABC,False
ANC-2575,3,umum,overlap,ABC,False
ANC-2577,3,umum,overlap,ABC,False
ANC-2579,3,umum,overlap,ABC,False
ANC-2580,3,umum,overlap,ABC,False
ANC-2582,3,umum,overlap,ABC,False
ANC-2583,3,umum,overlap,ABC,False
ANC-2585,3,umum,overlap,ABC,False
ANC-2586,3,abusif,overlap,ABC,False
ANC-2587,3,umum,overlap,ABC,False
ANC-2590,3,umum,overlap,ABC,False
ANC-2591,3,umum,overlap,ABC,False
ANC-2592,3,umum,overlap,ABC,False
ANC-2593,3,umum,overlap,ABC,False
ANC-2594,3,umum,overlap,ABC,False
ANC-2595,3,umum,overlap,ABC,False
ANC-2596,3,umum,overlap,ABC,False
ANC-2597,3,umum,overlap,ABC,False
ANC-2598,3,abusif,overlap,ABC,False
ANC-2599,3,umum,overlap,ABC,False
ANC-2600,3,umum,overlap,ABC,False
ANC-2601,3,umum,overlap,ABC,False
ANC-2605,3,umum,overlap,ABC,False
ANC-2608,3,umum,overlap,ABC,False
ANC-2609,3,umum,overlap,ABC,False
ANC-2610,3,langka,overlap,ABC,False
ANC-2611,3,umum,overlap,ABC,False
ANC-2612,3,umum,overlap,ABC,False
ANC-2613,3,umum,overlap,ABC,False
ANC-2614,3,umum,overlap,ABC,False
ANC-2616,3,umum,overlap,ABC,False
ANC-2617,3,umum,overlap,ABC,False
ANC-2619,3,umum,overlap,ABC,False
ANC-2620,3,umum,overlap,ABC,True
ANC-2621,3,umum,overlap,ABC,False
ANC-2622,3,umum,overlap,ABC,False
ANC-2623,3,umum,overlap,ABC,False
ANC-2624,3,umum,overlap,ABC,False
ANC-2625,3,langka,overlap,ABC,False
ANC-2626,3,umum,overlap,ABC,False
ANC-2627,3,umum,overlap,ABC,False
ANC-2629,3,umum,overlap,ABC,True
ANC-2630,3,abusif,overlap,ABC,False
ANC-2632,3,umum,overlap,ABC,False
ANC-2633,3,umum,overlap,ABC,False
ANC-2635,3,umum,overlap,ABC,False
ANC-2636,3,umum,overlap,ABC,False
ANC-2637,3,umum,overlap,ABC,False
ANC-2638,3,umum,overlap,ABC,False
ANC-2639,3,umum,overlap,ABC,False
ANC-2640,3,langka,overlap,ABC,False
ANC-2642,3,umum,overlap,ABC,False
ANC-2643,3,umum,overlap,ABC,False
ANC-2645,3,langka,overlap,ABC,False
ANC-2647,3,umum,overlap,ABC,False
ANC-2650,3,umum,overlap,ABC,False
ANC-2651,3,umum,overlap,ABC,False
ANC-2652,3,umum,overlap,ABC,False
ANC-2653,3,umum,overlap,ABC,False
ANC-2654,3,umum,overlap,ABC,False
ANC-2656,3,abusif,overlap,ABC,False
ANC-2657,3,umum,overlap,ABC,False
ANC-2658,3,umum,overlap,ABC,False
ANC-2659,3,umum,overlap,ABC,False
ANC-2660,3,umum,overlap,ABC,False
ANC-2661,3,umum,overlap,ABC,False
ANC-2662,3,abusif,overlap,ABC,False
ANC-2663,3,umum,overlap,ABC,False
ANC-2664,3,umum,overlap,ABC,False
ANC-2665,3,umum,overlap,ABC,False
ANC-2668,3,umum,overlap,ABC,False
ANC-2669,3,umum,overlap,ABC,False
ANC-2671,3,umum,overlap,ABC,False
ANC-2672,3,umum,overlap,ABC,False
ANC-2673,3,umum,overlap,ABC,False
ANC-2677,3,umum,overlap,ABC,False
ANC-2679,3,umum,overlap,ABC,False
ANC-2680,3,umum,overlap,ABC,False
ANC-2681,3,umum,overlap,ABC,False
ANC-2682,3,langka,overlap,ABC,False
ANC-2685,3,umum,overlap,ABC,True
ANC-2687,3,umum,overlap,ABC,False
ANC-2688,3,umum,overlap,ABC,False
ANC-2691,3,umum,overlap,ABC,False
ANC-2693,3,umum,overlap,ABC,False
ANC-2694,3,umum,overlap,ABC,False
ANC-2697,3,umum,overlap,ABC,False
ANC-2699,3,umum,overlap,ABC,True
ANC-2702,3,umum,overlap,ABC,False
ANC-2703,3,umum,overlap,ABC,False
ANC-2706,3,umum,overlap,ABC,False
ANC-2710,3,umum,overlap,ABC,False
ANC-2711,3,umum,overlap,ABC,True
ANC-2712,3,abusif,overlap,ABC,False
ANC-2715,3,langka,overlap,ABC,False
ANC-2716,3,umum,overlap,ABC,False
ANC-2717,3,umum,overlap,ABC,False
ANC-2719,3,umum,overlap,ABC,False
ANC-2723,3,umum,overlap,ABC,False
ANC-2724,3,umum,overlap,ABC,False
ANC-2725,3,umum,overlap,ABC,False
ANC-2726,3,abusif,overlap,ABC,False
ANC-2728,3,umum,overlap,ABC,False
ANC-2730,3,umum,overlap,ABC,False
ANC-2732,3,langka,overlap,ABC,False
ANC-2734,3,umum,overlap,ABC,False
ANC-2736,3,umum,overlap,ABC,False
ANC-2738,3,abusif,overlap,ABC,True
ANC-2739,3,umum,overlap,ABC,False
ANC-2740,3,umum,overlap,ABC,False
ANC-2741,3,umum,overlap,ABC,False
ANC-2742,3,umum,overlap,ABC,False
ANC-2744,3,umum,overlap,ABC,False
ANC-2745,3,umum,overlap,ABC,False
ANC-2746,3,umum,overlap,ABC,False
ANC-2747,3,umum,overlap,ABC,False
ANC-2749,3,umum,overlap,ABC,False
ANC-2750,3,umum,overlap,ABC,False
ANC-2752,3,umum,overlap,ABC,False
ANC-2755,3,umum,overlap,ABC,False
ANC-2756,3,umum,overlap,ABC,False
ANC-2758,3,abusif,overlap,ABC,False
ANC-2759,3,langka,overlap,ABC,False
ANC-2761,3,umum,overlap,ABC,True
ANC-2762,3,umum,overlap,ABC,False
ANC-2766,3,umum,overlap,ABC,False
ANC-2770,3,umum,overlap,ABC,False
ANC-2772,3,umum,overlap,ABC,False
ANC-2777,3,umum,overlap,ABC,False
ANC-2778,3,umum,overlap,ABC,False
ANC-2780,3,umum,overlap,ABC,False
ANC-2781,3,umum,overlap,ABC,True
ANC-2782,3,langka,overlap,ABC,False
ANC-2783,3,umum,overlap,ABC,False
ANC-2784,3,umum,overlap,ABC,False
ANC-2785,3,umum,overlap,ABC,False
ANC-2786,3,umum,overlap,ABC,False
ANC-2787,3,umum,overlap,ABC,False
ANC-2789,3,umum,overlap,ABC,False
ANC-2791,3,umum,overlap,ABC,False
ANC-2792,3,umum,overlap,ABC,False
ANC-2796,3,umum,overlap,ABC,False
ANC-2798,3,umum,overlap,ABC,True
ANC-2799,3,umum,overlap,ABC,False
ANC-2800,3,umum,overlap,ABC,False
ANC-2801,3,umum,overlap,ABC,False
ANC-2802,3,abusif,overlap,ABC,True
ANC-2803,3,umum,overlap,ABC,False
ANC-2805,3,umum,overlap,ABC,False
ANC-2806,3,umum,overlap,ABC,False
ANC-2807,3,umum,overlap,ABC,False
ANC-2809,3,umum,overlap,ABC,False
ANC-2810,3,umum,overlap,ABC,False
ANC-2811,3,umum,overlap,ABC,False
ANC-2814,3,umum,overlap,ABC,False
ANC-2815,3,umum,overlap,ABC,False
ANC-2818,3,umum,overlap,ABC,False
ANC-2819,3,abusif,overlap,ABC,False
ANC-2822,3,langka,overlap,ABC,False
ANC-2824,3,abusif,overlap,ABC,False
ANC-2827,3,umum,overlap,ABC,False
ANC-2830,3,umum,overlap,ABC,False
ANC-2832,3,umum,overlap,ABC,False
ANC-2833,3,umum,overlap,ABC,False
ANC-2835,3,umum,overlap,ABC,False
ANC-2837,3,umum,overlap,ABC,False
ANC-2838,3,umum,overlap,ABC,False
ANC-2839,3,langka,overlap,ABC,False
ANC-2844,3,umum,overlap,ABC,False
ANC-2845,3,umum,overlap,ABC,False
ANC-2847,3,abusif,overlap,ABC,False
ANC-2848,3,umum,overlap,ABC,False
ANC-2849,3,umum,overlap,ABC,False
ANC-2851,3,abusif,overlap,ABC,False
ANC-2853,3,umum,overlap,ABC,False
ANC-2854,3,umum,overlap,ABC,False
ANC-2855,3,umum,overlap,ABC,False
ANC-2856,3,langka,overlap,ABC,False
ANC-2857,3,umum,overlap,ABC,False
ANC-2859,3,abusif,overlap,ABC,False
ANC-2861,3,langka,overlap,ABC,False
ANC-2862,3,umum,overlap,ABC,False
ANC-2863,3,umum,overlap,ABC,False
ANC-2864,3,umum,overlap,ABC,False
ANC-2865,3,umum,overlap,ABC,False
ANC-2866,3,umum,overlap,ABC,False
ANC-2868,3,umum,overlap,ABC,False
ANC-2870,3,umum,overlap,ABC,False
ANC-2871,3,abusif,overlap,ABC,False
ANC-2872,3,umum,overlap,ABC,False
ANC-2873,3,umum,overlap,ABC,False
ANC-2874,3,umum,overlap,ABC,False
ANC-2876,3,umum,overlap,ABC,False
ANC-2878,3,abusif,overlap,ABC,False
ANC-2880,3,abusif,overlap,ABC,False
ANC-2881,3,umum,overlap,ABC,False
ANC-2882,3,umum,overlap,ABC,False
ANC-2884,3,umum,overlap,ABC,False
ANC-2885,3,umum,overlap,ABC,False
ANC-2887,3,umum,overlap,ABC,False
ANC-2889,3,umum,overlap,ABC,False
ANC-2890,3,umum,overlap,ABC,False
ANC-2891,3,abusif,overlap,ABC,False
ANC-2892,3,umum,overlap,ABC,False
ANC-2894,3,umum,overlap,ABC,False
ANC-2895,3,abusif,overlap,ABC,False
ANC-2896,3,umum,overlap,ABC,False
ANC-2899,3,abusif,overlap,ABC,False
ANC-2901,3,langka,overlap,ABC,False
ANC-2902,3,umum,overlap,ABC,False
ANC-2903,3,umum,overlap,ABC,False
ANC-2904,3,umum,overlap,ABC,False
ANC-2905,3,langka,overlap,ABC,False
ANC-2906,3,abusif,overlap,ABC,True
ANC-2908,3,umum,overlap,ABC,False
ANC-2909,3,umum,overlap,ABC,False
ANC-2910,3,umum,overlap,ABC,False
ANC-2911,3,umum,overlap,ABC,True
ANC-2912,3,umum,overlap,ABC,False
ANC-2913,3,umum,overlap,ABC,False
ANC-2916,3,umum,overlap,ABC,False
ANC-2917,3,umum,overlap,ABC,False
ANC-2918,3,abusif,overlap,ABC,False
ANC-2919,3,umum,overlap,ABC,False
ANC-2921,3,umum,overlap,ABC,False
ANC-2922,3,umum,overlap,ABC,False
ANC-2923,3,umum,overlap,ABC,False
ANC-2924,3,umum,overlap,ABC,False
ANC-2925,3,umum,overlap,ABC,False
ANC-2928,3,umum,overlap,ABC,False
ANC-2929,3,langka,overlap,ABC,False
ANC-2930,3,umum,overlap,ABC,False
ANC-2931,3,umum,overlap,ABC,False
ANC-2933,3,abusif,overlap,ABC,False
ANC-2934,3,umum,overlap,ABC,False
ANC-2935,3,abusif,overlap,ABC,False
ANC-2937,3,umum,overlap,ABC,True
ANC-2941,3,umum,overlap,ABC,False
ANC-2946,3,umum,overlap,ABC,False
ANC-2948,3,umum,overlap,ABC,False
ANC-2952,3,umum,overlap,ABC,False
ANC-2953,3,umum,overlap,ABC,False
ANC-2957,3,umum,overlap,ABC,False
ANC-2960,3,umum,overlap,ABC,False
ANC-2961,3,umum,overlap,ABC,False
ANC-2962,3,umum,overlap,ABC,False
ANC-2963,3,umum,overlap,ABC,False
ANC-2964,3,umum,overlap,ABC,False
ANC-2965,3,abusif,overlap,ABC,False
ANC-2966,3,umum,overlap,ABC,False
ANC-2967,3,abusif,overlap,ABC,False
ANC-2968,3,umum,overlap,ABC,False
ANC-2969,3,umum,overlap,ABC,False
ANC-2970,3,langka,overlap,ABC,False
ANC-2972,3,abusif,overlap,ABC,False
ANC-2973,3,umum,overlap,ABC,False
ANC-2974,3,umum,overlap,ABC,False
ANC-2975,3,umum,overlap,ABC,False
ANC-2976,3,umum,overlap,ABC,False
ANC-2977,3,umum,overlap,ABC,False
ANC-2978,3,langka,overlap,ABC,False
ANC-2979,3,abusif,overlap,ABC,False
ANC-2980,3,umum,overlap,ABC,False
ANC-2983,3,umum,overlap,ABC,False
ANC-2984,3,umum,overlap,ABC,True
ANC-2985,3,langka,overlap,ABC,False
ANC-2986,3,umum,overlap,ABC,False
ANC-2987,3,langka,overlap,ABC,False
ANC-2989,3,umum,overlap,ABC,False
ANC-2990,3,umum,overlap,ABC,False
ANC-2991,3,abusif,overlap,ABC,False
ANC-2992,3,umum,overlap,ABC,False
ANC-2993,3,langka,overlap,ABC,False
ANC-2994,3,umum,overlap,ABC,False
ANC-2995,3,langka,overlap,ABC,False
ANC-2996,3,umum,overlap,ABC,False
ANC-2997,3,umum,overlap,ABC,False
ANC-2998,3,umum,overlap,ABC,False
ANC-2999,3,umum,overlap,ABC,False
ANC-3000,3,abusif,overlap,ABC,False
ANC-3001,3,umum,overlap,ABC,False
ANC-3004,3,abusif,overlap,ABC,False
ANC-3005,3,umum,overlap,ABC,False
ANC-3006,3,umum,overlap,ABC,False
ANC-3007,3,umum,overlap,ABC,False
ANC-3008,3,umum,overlap,ABC,False
ANC-3009,3,umum,overlap,ABC,True
ANC-3010,3,umum,overlap,ABC,True
ANC-3011,3,umum,overlap,ABC,False
ANC-3014,3,umum,overlap,ABC,False
ANC-3015,3,langka,overlap,ABC,False
ANC-3017,3,abusif,overlap,ABC,False
ANC-3018,3,umum,overlap,ABC,False
ANC-3019,3,umum,overlap,ABC,False
ANC-3023,3,umum,overlap,ABC,False
ANC-3024,3,umum,overlap,ABC,False
ANC-3027,3,langka,overlap,ABC,True
ANC-3029,3,umum,overlap,ABC,False
ANC-3030,3,abusif,overlap,ABC,False
ANC-3032,3,umum,overlap,ABC,False
ANC-3033,3,umum,overlap,ABC,False
ANC-3037,3,umum,overlap,ABC,False
ANC-3039,3,umum,overlap,ABC,False
ANC-3040,3,umum,overlap,ABC,False
ANC-3042,3,umum,overlap,ABC,False
ANC-3044,3,umum,overlap,ABC,False
ANC-3045,3,abusif,overlap,ABC,False
ANC-3046,3,umum,overlap,ABC,False
ANC-3047,3,abusif,overlap,ABC,False
ANC-3048,3,abusif,overlap,ABC,False
ANC-3049,3,umum,overlap,ABC,False
ANC-3050,3,umum,overlap,ABC,False
ANC-3052,3,abusif,overlap,ABC,False
ANC-3054,3,langka,overlap,ABC,False
ANC-3055,3,abusif,overlap,ABC,False
ANC-3056,3,abusif,overlap,ABC,True
ANC-3057,3,abusif,overlap,ABC,False
ANC-3060,3,abusif,overlap,ABC,False
ANC-3061,3,abusif,overlap,ABC,False
ANC-3062,3,abusif,overlap,ABC,False
ANC-3063,3,langka,overlap,ABC,False
ANC-3064,3,umum,overlap,ABC,False
ANC-3065,3,umum,overlap,ABC,False
ANC-3066,3,umum,overlap,ABC,False
ANC-3067,3,umum,overlap,ABC,False
ANC-3068,3,umum,overlap,ABC,False
ANC-3069,3,abusif,overlap,ABC,False
ANC-3071,3,umum,overlap,ABC,False
ANC-3072,3,umum,overlap,ABC,False
ANC-3073,3,umum,overlap,ABC,False
ANC-3074,3,langka,overlap,ABC,False
ANC-3075,3,langka,overlap,ABC,False
ANC-3076,3,umum,overlap,ABC,False
ANC-3077,3,umum,overlap,ABC,False
ANC-3078,3,umum,overlap,ABC,False
ANC-3080,3,umum,overlap,ABC,False
ANC-3081,3,umum,overlap,ABC,False
ANC-3082,3,umum,overlap,ABC,False
ANC-3084,3,umum,overlap,ABC,False
ANC-3085,3,umum,overlap,ABC,False
ANC-3087,3,umum,overlap,ABC,False
ANC-3088,3,umum,overlap,ABC,False
ANC-3089,3,abusif,overlap,ABC,False
ANC-3092,3,abusif,overlap,ABC,False
ANC-3093,3,umum,overlap,ABC,False
ANC-3095,3,umum,overlap,ABC,False
ANC-3097,3,langka,overlap,ABC,False
ANC-3098,3,abusif,overlap,ABC,False
ANC-3099,3,abusif,overlap,ABC,False
ANC-3100,3,umum,overlap,ABC,False
ANC-3101,3,umum,overlap,ABC,False
ANC-3103,3,umum,overlap,ABC,False
ANC-3104,3,abusif,overlap,ABC,False
ANC-3105,3,umum,overlap,ABC,False
ANC-3108,3,umum,overlap,ABC,False
ANC-3109,3,umum,overlap,ABC,False
ANC-3110,3,umum,overlap,ABC,False
ANC-3112,3,umum,overlap,ABC,False
ANC-3113,3,abusif,overlap,ABC,False
ANC-3114,3,umum,overlap,ABC,False
ANC-3115,3,umum,overlap,ABC,False
ANC-3117,3,umum,overlap,ABC,False
ANC-3118,3,umum,overlap,ABC,False
ANC-3119,3,umum,overlap,ABC,False
ANC-3120,3,umum,overlap,ABC,False
ANC-3121,3,umum,overlap,ABC,False
ANC-3122,3,umum,overlap,ABC,False
ANC-3125,3,langka,overlap,ABC,False
ANC-3126,3,abusif,overlap,ABC,False
ANC-3127,3,umum,overlap,ABC,True
ANC-3128,3,umum,overlap,ABC,False
ANC-3129,3,umum,overlap,ABC,True
ANC-3130,3,langka,overlap,ABC,False
ANC-3132,3,langka,overlap,ABC,False
ANC-3133,3,abusif,overlap,ABC,False
ANC-3134,3,umum,overlap,ABC,False
ANC-3135,3,umum,overlap,ABC,False
ANC-3136,3,umum,overlap,ABC,False
ANC-3138,3,abusif,overlap,ABC,False
ANC-3139,3,abusif,overlap,ABC,False
ANC-3140,3,langka,overlap,ABC,False
ANC-3142,3,umum,overlap,ABC,False
ANC-3143,3,abusif,overlap,ABC,False
ANC-3144,3,umum,overlap,ABC,False
ANC-3145,3,umum,overlap,ABC,False
ANC-3146,3,umum,overlap,ABC,False
ANC-3147,3,umum,overlap,ABC,False
ANC-3148,3,langka,overlap,ABC,False
ANC-3149,3,umum,overlap,ABC,False
ANC-3150,3,langka,overlap,ABC,False
ANC-3151,3,umum,overlap,ABC,True
ANC-3152,3,umum,overlap,ABC,False
ANC-3153,3,umum,overlap,ABC,False
ANC-3158,3,umum,overlap,ABC,False
ANC-3159,3,umum,overlap,ABC,False
ANC-3160,3,umum,overlap,ABC,False
ANC-3161,3,umum,overlap,ABC,False
ANC-3162,3,abusif,overlap,ABC,False
ANC-3165,3,umum,overlap,ABC,False
ANC-3167,3,umum,overlap,ABC,False
ANC-3168,3,umum,overlap,ABC,False
ANC-3169,3,umum,overlap,ABC,False
ANC-3170,3,abusif,overlap,ABC,False
ANC-3171,3,umum,overlap,ABC,True
ANC-3172,3,umum,overlap,ABC,False
ANC-3174,3,umum,overlap,ABC,False
ANC-3175,3,umum,overlap,ABC,True
ANC-3177,3,umum,overlap,ABC,False
ANC-3182,3,abusif,overlap,ABC,False
ANC-3184,3,abusif,overlap,ABC,False
